NUTS_ID,forgottenVoters,willingnessPay,renewableSupport
AL011,32,14,8
AL012,18,59,97
AL013,54,46,5
AL014,29,7,75
AL015,64,94,60
AL021,73,20,13
AL022,84,28,97
AL031,39,70,34
AL032,57,95,87
AL033,11,25,45
AL034,52,64,93
AL035,87,38,88
AT111,91,91,66
AT112,66,4,27
AT113,49,87,58
AT121,20,63,39
AT122,94,58,5
AT123,18,70,69
AT124,88,96,33
AT125,97,27,39
AT126,77,98,90
AT127,39,82,80
AT130,90,1,16
AT211,61,98,34
AT212,74,95,19
AT213,31,42,38
AT221,81,61,16
AT222,86,53,83
AT223,23,90,46
AT224,88,39,44
AT225,88,91,34
AT226,25,44,59
AT311,47,8,83
AT312,48,57,19
AT313,41,81,17
AT314,15,68,95
AT315,56,44,27
AT321,9,48,100
AT322,100,94,92
AT323,51,75,33
AT331,39,24,53
AT332,57,75,14
AT333,88,85,9
AT334,6,48,1
AT335,42,41,85
AT341,16,69,90
AT342,43,35,2
BE32A,26,95,1
BE32B,39,3,88
BE32C,27,87,29
BE32D,66,29,13
BE100,78,78,53
BE211,50,65,88
BE212,79,85,27
BE213,29,94,40
BE223,12,26,33
BE224,24,35,35
BE225,78,62,63
BE231,96,13,52
BE232,55,83,82
BE233,96,40,0
BE234,10,62,85
BE235,20,6,14
BE236,83,23,67
BE241,47,99,74
BE242,54,62,13
BE251,71,27,78
BE252,15,70,17
BE253,11,8,27
BE254,79,96,6
BE255,22,65,3
BE256,54,88,88
BE257,19,79,28
BE258,88,15,80
BE310,14,72,14
BE323,73,78,34
BE328,63,19,59
BE329,16,96,61
BE331,96,92,21
BE332,93,8,99
BE334,70,34,39
BE335,81,24,1
BE336,43,94,64
BE341,19,25,20
BE342,63,25,43
BE343,99,100,67
BE344,31,12,9
BE345,77,74,39
BE351,44,66,58
BE352,97,78,26
BE353,38,85,82
BG311,60,8,90
BG312,93,5,65
BG313,59,26,12
BG314,86,74,32
BG315,75,45,1
BG321,52,43,32
BG322,71,85,51
BG323,15,9,35
BG324,87,50,44
BG325,5,16,9
BG331,39,29,89
BG332,62,45,30
BG333,93,89,56
BG334,92,71,31
BG341,27,89,15
BG342,81,83,46
BG343,91,85,98
BG344,10,8,13
BG411,23,84,96
BG412,26,14,26
BG413,87,9,19
BG414,80,60,88
BG415,81,82,47
BG421,96,23,16
BG422,44,65,71
BG423,49,53,19
BG424,23,65,58
BG425,41,45,80
CH011,96,86,8
CH012,29,36,37
CH013,83,39,64
CH021,45,41,56
CH022,34,31,42
CH023,94,20,34
CH024,94,93,30
CH025,87,81,51
CH031,56,41,34
CH032,55,80,90
CH033,95,62,33
CH040,22,92,43
CH051,37,22,39
CH052,55,26,29
CH053,2,72,32
CH054,48,52,75
CH055,95,84,81
CH056,73,3,39
CH057,95,28,16
CH061,81,43,31
CH062,97,61,91
CH063,68,82,30
CH064,47,35,62
CH065,72,11,34
CH066,50,71,24
CH070,16,9,53
CY000,57,11,57
CZ010,28,99,26
CZ020,94,0,64
CZ031,30,52,74
CZ032,66,38,92
CZ041,31,14,31
CZ042,1,29,12
CZ051,65,88,91
CZ052,92,46,21
CZ053,51,17,29
CZ063,68,84,33
CZ064,1,47,88
CZ071,76,37,67
CZ072,60,56,63
CZ080,14,62,23
DE11A,31,80,23
DE11B,17,85,95
DE11C,1,12,61
DE11D,65,93,67
DE12A,16,95,26
DE12B,51,18,51
DE12C,24,30,87
DE13A,48,83,49
DE21A,47,56,60
DE21B,71,55,8
DE21C,90,12,41
DE21D,68,10,61
DE21E,29,84,39
DE21F,15,44,78
DE21G,7,49,78
DE21H,41,84,67
DE21I,53,3,86
DE21J,82,79,93
DE21K,36,32,10
DE21L,62,4,4
DE21M,38,82,53
DE21N,27,11,56
DE22A,51,90,4
DE22B,54,16,33
DE22C,25,96,10
DE23A,48,43,29
DE24A,59,19,63
DE24B,16,12,13
DE24C,67,79,28
DE24D,32,38,20
DE25A,31,28,64
DE25B,69,1,52
DE25C,71,81,47
DE26A,4,63,23
DE26B,63,76,61
DE26C,46,64,37
DE27A,38,76,61
DE27B,14,90,64
DE27C,40,65,10
DE27D,61,51,11
DE27E,67,25,14
DE40A,47,49,88
DE40B,47,88,14
DE40C,97,12,64
DE40D,83,74,35
DE40E,15,53,54
DE40F,69,52,75
DE40G,39,83,70
DE40H,81,76,67
DE40I,19,30,73
DE71A,23,29,66
DE71B,95,96,52
DE71C,32,64,89
DE71D,50,68,5
DE71E,98,22,36
DE80J,11,97,86
DE80K,61,89,38
DE80L,49,6,43
DE80M,13,47,42
DE80N,55,40,51
DE80O,46,50,78
DE91A,38,68,24
DE91B,89,8,77
DE91C,9,42,68
DE93A,49,22,28
DE93B,80,89,13
DE94A,2,63,6
DE94B,34,25,28
DE94C,41,56,64
DE94D,42,18,50
DE94E,6,63,7
DE94F,14,98,31
DE94G,8,35,52
DE94H,50,33,3
DE111,83,22,94
DE112,9,39,35
DE113,6,82,66
DE114,100,90,26
DE115,66,0,88
DE116,12,8,38
DE117,48,36,89
DE118,64,11,64
DE119,69,21,9
DE121,20,34,97
DE122,8,22,41
DE123,34,95,48
DE124,87,2,22
DE125,5,93,93
DE126,49,81,30
DE127,39,28,83
DE128,56,4,39
DE129,60,86,53
DE131,61,90,8
DE132,48,77,56
DE133,87,9,41
DE134,21,98,38
DE135,8,23,65
DE136,40,13,93
DE137,69,60,27
DE138,8,90,72
DE139,24,12,51
DE141,49,46,86
DE142,40,78,6
DE143,90,40,66
DE144,62,71,92
DE145,49,56,92
DE146,96,43,14
DE147,93,85,97
DE148,2,2,4
DE149,69,83,71
DE211,20,90,72
DE212,61,99,71
DE213,60,90,33
DE214,87,25,62
DE215,67,16,28
DE216,44,70,89
DE217,12,4,47
DE218,2,74,62
DE219,51,65,75
DE221,5,81,47
DE222,51,5,82
DE223,38,91,36
DE224,17,27,93
DE225,34,58,40
DE226,22,78,20
DE227,18,26,22
DE228,30,93,66
DE229,71,31,9
DE231,6,65,65
DE232,55,42,94
DE233,66,43,42
DE234,78,28,69
DE235,27,4,81
DE236,25,48,1
DE237,32,14,55
DE238,73,47,66
DE239,96,31,8
DE241,82,50,71
DE242,30,26,54
DE243,84,23,12
DE244,18,7,20
DE245,82,40,86
DE246,42,65,4
DE247,8,84,37
DE248,44,18,74
DE249,51,97,70
DE251,72,31,71
DE252,46,11,93
DE253,16,55,17
DE254,95,87,80
DE255,36,99,9
DE256,25,4,0
DE257,13,84,85
DE258,57,73,80
DE259,78,6,60
DE261,21,47,77
DE262,29,16,46
DE263,70,91,52
DE264,7,68,30
DE265,67,35,99
DE266,38,87,6
DE267,37,100,23
DE268,99,37,34
DE269,89,79,67
DE271,97,72,37
DE272,48,81,49
DE273,2,37,62
DE274,38,19,36
DE275,64,42,8
DE276,23,95,7
DE277,14,56,38
DE278,20,76,36
DE279,41,62,36
DE300,6,93,94
DE401,17,27,97
DE402,5,7,16
DE403,79,46,8
DE404,41,23,49
DE405,65,67,13
DE406,10,28,82
DE407,39,35,18
DE408,45,57,51
DE409,37,12,82
DE501,42,32,6
DE502,14,79,45
DE600,73,73,53
DE711,7,87,84
DE712,57,94,67
DE713,22,12,72
DE714,42,90,43
DE715,53,87,76
DE716,23,54,86
DE717,44,4,14
DE718,59,34,91
DE719,55,3,27
DE721,45,75,3
DE722,92,56,45
DE723,26,77,62
DE724,30,86,26
DE725,10,69,8
DE731,62,32,89
DE732,43,91,72
DE733,19,62,80
DE734,34,14,61
DE735,12,37,88
DE736,8,6,30
DE737,3,46,1
DE803,68,1,20
DE804,49,82,94
DE911,54,2,94
DE912,94,37,39
DE913,29,65,33
DE914,36,5,69
DE916,80,49,87
DE917,79,57,8
DE918,62,50,95
DE922,87,19,64
DE923,68,35,2
DE925,78,87,41
DE926,22,72,56
DE927,51,33,6
DE928,78,10,83
DE929,42,26,51
DE931,83,51,13
DE932,19,16,73
DE933,30,11,56
DE934,25,39,63
DE935,68,99,23
DE936,70,29,3
DE937,10,43,9
DE938,20,88,85
DE939,85,82,10
DE941,16,25,4
DE942,10,57,60
DE943,17,33,65
DE944,8,2,2
DE945,13,0,54
DE946,90,56,68
DE947,53,75,3
DE948,60,24,33
DE949,66,12,52
DEA1A,81,50,66
DEA1B,46,22,29
DEA1C,54,82,97
DEA1D,4,50,63
DEA1E,58,52,69
DEA1F,72,52,94
DEA2A,84,13,37
DEA2B,8,27,24
DEA2C,71,69,8
DEA2D,89,61,34
DEA5A,93,12,19
DEA5B,98,88,7
DEA5C,70,3,27
DEA11,40,33,61
DEA12,72,77,74
DEA13,15,2,77
DEA14,31,5,41
DEA15,35,26,14
DEA16,58,85,97
DEA17,21,30,64
DEA18,39,52,59
DEA19,85,7,1
DEA22,96,49,1
DEA23,5,24,67
DEA24,95,72,34
DEA26,54,12,44
DEA27,94,8,97
DEA28,54,17,43
DEA29,30,96,27
DEA31,45,96,70
DEA32,54,64,52
DEA33,55,64,95
DEA34,84,16,95
DEA35,8,71,49
DEA36,55,97,78
DEA37,66,77,4
DEA38,53,20,34
DEA41,89,81,95
DEA42,63,84,44
DEA43,68,91,2
DEA44,75,62,79
DEA45,98,9,36
DEA46,24,84,51
DEA47,61,42,98
DEA51,29,88,7
DEA52,27,94,28
DEA53,47,52,41
DEA54,69,28,49
DEA55,26,28,64
DEA56,37,18,9
DEA57,92,28,42
DEA58,78,75,1
DEA59,13,20,69
DEB1A,70,83,61
DEB1B,50,30,4
DEB1C,83,23,31
DEB1D,62,86,7
DEB3A,24,81,29
DEB3B,99,36,65
DEB3C,52,12,28
DEB3D,6,3,50
DEB3E,15,68,33
DEB3F,61,9,27
DEB3G,72,17,88
DEB3H,34,45,56
DEB3I,26,32,94
DEB3J,92,27,11
DEB3K,29,48,56
DEB11,22,76,43
DEB12,56,11,4
DEB13,46,88,58
DEB14,93,84,0
DEB15,58,58,81
DEB17,54,7,79
DEB18,39,43,4
DEB21,71,21,85
DEB22,93,65,36
DEB23,45,97,89
DEB24,49,43,78
DEB25,41,49,86
DEB31,53,41,39
DEB32,59,42,33
DEB33,39,43,76
DEB34,88,14,64
DEB35,91,48,78
DEB36,79,23,17
DEB37,32,64,42
DEB38,36,54,52
DEB39,3,93,69
Dec-01,21,38,76
Dec-02,84,30,60
Dec-03,58,28,76
Dec-04,5,89,14
Dec-05,34,30,44
Dec-06,26,33,52
DED2C,74,97,63
DED2D,97,57,38
DED2E,58,36,45
DED2F,55,21,43
DED21,83,88,80
DED41,90,50,87
DED42,19,0,20
DED43,29,34,85
DED44,86,9,22
DED45,35,64,9
DED51,58,69,57
DED52,99,62,34
DED53,50,85,72
DEE0A,70,89,68
DEE0B,65,64,80
DEE0C,74,21,39
DEE0D,16,18,26
DEE0E,11,82,36
DEE01,30,0,75
DEE02,9,86,12
DEE03,74,48,89
DEE04,94,70,4
DEE05,44,79,82
DEE06,67,97,34
DEE07,82,29,21
DEE08,56,54,58
DEE09,71,20,21
DEF0A,89,22,88
DEF0B,29,5,41
DEF0C,1,58,98
DEF0D,94,16,76
DEF0E,66,5,5
DEF0F,47,86,99
DEF01,73,24,90
DEF02,74,17,21
DEF03,66,53,47
DEF04,57,45,52
DEF05,86,27,83
DEF06,68,59,45
DEF07,37,59,79
DEF08,61,7,52
DEF09,61,97,52
DEG0A,21,6,19
DEG0B,30,13,81
DEG0C,4,26,64
DEG0D,50,18,72
DEG0E,9,63,11
DEG0F,6,83,45
DEG0G,44,87,72
DEG0H,13,24,14
DEG0I,93,69,79
DEG0J,12,36,40
DEG0K,41,87,23
DEG0L,6,85,15
DEG0M,90,91,21
DEG0N,83,22,13
DEG0P,24,68,21
DEG01,4,45,84
DEG02,28,31,44
DEG03,39,59,73
DEG04,78,76,27
DEG05,6,90,96
DEG06,16,98,96
DEG07,83,6,85
DEG09,94,23,62
DK011,56,10,22
DK012,85,74,96
DK013,44,25,13
DK014,38,33,97
DK021,61,15,17
DK022,71,46,63
DK031,36,66,6
DK032,93,32,52
DK041,59,84,24
DK042,53,65,93
DK050,37,28,59
EE00A,17,21,21
EE001,49,8,34
EE004,88,38,78
EE008,80,43,25
EE009,100,23,54
EL301,13,88,97
EL302,25,90,30
EL303,9,6,41
EL304,92,84,96
EL305,5,22,67
EL306,66,65,92
EL307,45,72,98
EL411,84,53,61
EL412,67,63,60
EL413,86,61,97
EL421,24,90,64
EL422,68,40,24
EL431,59,63,85
EL432,21,18,26
EL433,11,62,13
EL434,73,63,87
EL511,90,43,84
EL512,45,14,78
EL513,25,51,40
EL514,85,5,66
EL515,14,99,70
EL521,41,32,86
EL522,29,91,67
EL523,44,72,74
EL524,90,10,87
EL525,43,9,74
EL526,35,68,29
EL527,36,52,58
EL531,95,35,16
EL532,63,97,62
EL533,19,5,5
EL541,97,49,100
EL542,7,74,84
EL543,54,29,8
EL611,5,65,46
EL612,89,83,58
EL613,78,42,57
EL621,18,62,2
EL622,46,80,15
EL623,20,20,58
EL624,11,92,88
EL631,9,48,83
EL632,94,60,94
EL633,80,98,7
EL641,6,18,80
EL642,57,61,44
EL643,47,95,20
EL644,71,0,92
EL645,71,66,48
EL651,18,4,12
EL652,7,56,20
EL653,2,3,19
ES111,91,69,80
ES112,21,10,45
ES113,52,71,8
ES114,98,44,7
ES120,69,99,68
ES130,18,49,26
ES211,47,57,37
ES212,69,44,45
ES213,98,43,100
ES220,25,66,87
ES230,56,26,64
ES241,23,62,100
ES242,74,57,66
ES243,58,93,32
ES300,1,67,70
ES411,32,53,8
ES412,59,16,37
ES413,49,57,56
ES414,58,16,26
ES415,82,44,81
ES416,7,62,97
ES417,32,77,80
ES418,3,37,65
ES419,4,66,12
ES421,13,11,11
ES422,26,93,76
ES423,15,82,73
ES424,54,29,100
ES425,22,66,76
ES431,97,22,32
ES432,74,83,69
ES511,63,58,26
ES512,37,98,0
ES513,36,56,67
ES514,94,9,21
ES521,94,25,42
ES522,15,50,57
ES523,76,53,48
ES531,84,37,42
ES532,21,50,34
ES533,83,6,21
ES611,76,45,75
ES612,24,28,59
ES613,8,91,86
ES614,25,35,57
ES615,0,45,89
ES616,85,83,91
ES617,98,54,84
ES618,99,85,58
ES620,60,88,96
ES630,63,70,90
ES640,67,50,98
ES703,5,88,58
ES704,79,47,42
ES705,6,36,78
ES706,90,67,59
ES707,92,1,31
ES708,99,69,58
ES709,20,52,21
FI1B1,90,1,89
FI1C1,82,19,22
FI1C2,37,58,77
FI1C3,45,65,16
FI1C4,58,84,1
FI1C5,61,98,0
FI1D1,55,16,33
FI1D2,30,32,6
FI1D3,81,20,78
FI1D5,37,33,21
FI1D7,25,54,41
FI1D8,14,36,50
FI1D9,55,60,71
FI193,61,49,58
FI194,62,72,7
FI195,43,5,48
FI196,84,10,26
FI197,17,48,79
FI200,20,82,21
FR101,89,84,40
FR102,62,77,33
FR103,94,11,30
FR104,19,65,54
FR105,66,42,79
FR106,67,60,69
FR107,57,76,27
FR108,84,31,33
FRB01,63,80,84
FRB02,17,45,34
FRB03,94,46,19
FRB04,52,77,23
FRB05,63,71,9
FRB06,55,23,83
FRC11,24,66,84
FRC12,69,52,78
FRC13,38,85,84
FRC14,4,17,17
FRC21,44,85,97
FRC22,62,90,40
FRC23,70,18,73
FRC24,26,61,58
FRD11,79,90,98
FRD12,71,31,19
FRD13,14,63,78
FRD21,26,21,99
FRD22,42,25,44
FRE11,51,64,52
FRE12,30,0,40
FRE21,2,15,18
FRE22,86,99,93
FRE23,23,29,84
FRF11,1,80,48
FRF12,80,35,8
FRF21,55,34,47
FRF22,64,17,30
FRF23,55,31,1
FRF24,66,69,58
FRF31,56,47,9
FRF32,67,93,66
FRF33,100,26,43
FRF34,27,100,40
FRG01,43,27,33
FRG02,30,36,4
FRG03,45,97,70
FRG04,27,41,31
FRG05,99,92,43
FRH01,86,8,29
FRH02,44,16,67
FRH03,27,85,72
FRH04,35,97,88
FRI11,9,40,72
FRI12,20,47,28
FRI13,58,89,100
FRI14,84,62,64
FRI15,80,77,6
FRI21,25,55,55
FRI22,34,79,75
FRI23,70,99,37
FRI31,78,51,47
FRI32,98,83,86
FRI33,28,14,25
FRI34,36,30,27
FRJ11,32,56,70
FRJ12,29,1,74
FRJ13,11,96,23
FRJ14,95,66,44
FRJ15,2,24,98
FRJ21,65,67,53
FRJ22,64,28,81
FRJ23,39,89,72
FRJ24,6,4,89
FRJ25,39,41,87
FRJ26,72,38,31
FRJ27,23,47,11
FRJ28,49,75,27
FRK11,38,82,30
FRK12,15,58,93
FRK13,13,93,62
FRK14,19,87,8
FRK21,57,97,12
FRK22,67,39,10
FRK23,16,53,14
FRK24,91,13,99
FRK25,5,97,68
FRK26,43,66,16
FRK27,81,100,38
FRK28,46,94,21
FRL01,3,55,96
FRL02,98,72,74
FRL03,85,92,34
FRL04,6,24,92
FRL05,93,35,96
FRL06,36,11,21
FRM01,80,89,70
FRM02,64,12,92
FRY10,34,97,24
FRY20,10,12,23
FRY30,33,9,47
FRY40,71,45,75
FRY50,14,27,34
HR021,63,70,9
HR022,14,38,50
HR023,33,8,76
HR024,33,85,6
HR025,31,80,5
HR026,22,12,63
HR027,10,87,41
HR028,79,72,27
HR031,93,85,8
HR032,9,85,70
HR033,94,26,17
HR034,96,2,64
HR035,56,36,75
HR036,51,78,9
HR037,47,14,56
HR050,71,12,3
HR061,10,24,57
HR062,58,16,46
HR063,11,59,80
HR064,54,66,69
HR065,5,96,40
HU110,86,40,35
HU120,20,72,60
HU211,4,68,54
HU212,98,33,57
HU213,96,57,39
HU221,75,70,79
HU222,25,9,42
HU223,54,78,69
HU231,28,46,33
HU232,10,44,36
HU233,12,63,48
HU311,34,51,15
HU312,19,73,16
HU313,95,74,4
HU321,70,2,38
HU322,77,47,67
HU323,58,34,61
HU331,26,36,60
HU332,93,72,13
HU333,20,4,69
IE041,14,23,21
IE042,37,77,61
IE051,45,50,57
IE052,3,27,43
IE053,35,17,34
IE061,80,62,80
IE062,66,89,16
IE063,18,82,60
IS001,4,14,96
IS002,54,2,43
ITC4A,28,22,24
ITC4B,63,26,92
ITC4C,81,72,32
ITC4D,30,8,72
ITC11,20,6,42
ITC12,71,18,2
ITC13,81,89,50
ITC14,19,44,48
ITC15,35,45,30
ITC16,62,86,92
ITC17,64,79,88
ITC18,73,35,79
ITC20,17,9,63
ITC31,35,72,5
ITC32,69,80,12
ITC33,61,38,70
ITC34,97,50,18
ITC41,26,68,83
ITC42,72,27,13
ITC43,87,4,25
ITC44,74,55,72
ITC46,29,30,60
ITC47,67,52,67
ITC48,50,66,68
ITC49,14,58,63
ITF11,91,66,43
ITF12,89,82,39
ITF13,4,14,54
ITF14,97,8,11
ITF21,30,95,31
ITF22,5,52,67
ITF31,67,10,51
ITF32,31,87,72
ITF33,66,91,56
ITF34,54,99,54
ITF35,15,31,14
ITF43,90,76,64
ITF44,59,29,68
ITF45,66,2,60
ITF46,79,67,41
ITF47,44,91,55
ITF48,80,92,22
ITF51,8,50,96
ITF52,86,21,100
ITF61,1,1,15
ITF62,29,89,87
ITF63,92,42,69
ITF64,17,56,69
ITF65,69,15,74
ITG2D,1,80,50
ITG2E,31,55,30
ITG2F,27,86,96
ITG2G,63,30,18
ITG2H,41,41,84
ITG11,11,68,10
ITG12,78,32,51
ITG13,99,32,41
ITG14,77,45,28
ITG15,47,45,90
ITG16,44,74,66
ITG17,86,78,16
ITG18,86,55,10
ITG19,36,59,49
ITH10,1,49,93
ITH20,57,11,55
ITH31,68,7,84
ITH32,11,11,8
ITH33,32,63,59
ITH34,32,37,29
ITH35,70,24,90
ITH36,82,94,11
ITH37,41,18,39
ITH41,63,14,97
ITH42,16,96,61
ITH43,15,58,17
ITH44,56,87,81
ITH51,65,88,56
ITH52,94,81,40
ITH53,57,85,69
ITH54,75,16,19
ITH55,46,48,39
ITH56,36,67,86
ITH57,81,30,71
ITH58,88,28,26
ITH59,75,3,85
ITI1A,3,89,21
ITI11,47,64,24
ITI12,53,16,17
ITI13,81,50,97
ITI14,65,69,90
ITI15,7,84,6
ITI16,11,26,31
ITI17,5,11,56
ITI18,41,100,72
ITI19,58,88,95
ITI21,20,18,80
ITI22,93,99,4
ITI31,62,13,43
ITI32,26,44,82
ITI33,12,39,40
ITI34,14,76,65
ITI35,95,35,79
ITI41,92,76,80
ITI42,89,93,82
ITI43,35,35,2
ITI44,53,51,37
ITI45,74,11,16
LI000,46,42,49
LT011,22,96,68
LT021,66,83,64
LT022,89,46,34
LT023,2,58,23
LT024,68,28,89
LT025,55,81,72
LT026,40,96,92
LT027,48,48,25
LT028,63,43,53
LT029,78,43,74
LU000,79,80,54
LV003,63,23,38
LV005,29,88,45
LV006,33,80,12
LV007,93,84,54
LV008,0,100,48
LV009,20,65,64
ME000,90,41,91
MK001,91,94,42
MK002,34,44,73
MK003,74,59,39
MK004,19,13,14
MK005,76,65,92
MK006,42,70,34
MK007,70,26,1
MK008,8,85,3
MT001,3,5,77
MT002,66,70,38
NL33A,8,13,23
NL33B,100,69,19
NL33C,34,36,73
NL111,47,53,97
NL112,38,22,52
NL113,8,48,4
NL124,19,93,9
NL125,43,91,52
NL126,34,4,8
NL131,16,43,76
NL132,87,86,75
NL133,41,62,21
NL211,83,11,8
NL212,22,18,55
NL213,3,98,4
NL221,52,67,48
NL224,6,83,55
NL225,82,48,87
NL226,74,90,16
NL230,78,52,89
NL310,20,30,1
NL321,59,75,47
NL323,87,26,39
NL324,64,15,40
NL325,7,74,93
NL327,83,88,70
NL328,47,83,33
NL329,18,29,6
NL332,29,5,47
NL333,11,9,32
NL337,83,14,76
NL341,42,50,55
NL342,96,6,28
NL411,79,62,29
NL412,49,22,93
NL413,75,84,80
NL414,82,28,66
NL421,64,71,73
NL422,33,41,19
NL423,33,85,71
NO0A1,0,88,14
NO0A2,18,33,79
NO0A3,89,90,66
NO0B1,11,71,11
NO0B2,61,97,61
NO020,80,17,19
NO060,56,3,64
NO071,10,77,5
NO074,94,72,33
NO081,37,26,79
NO082,61,30,75
NO091,40,84,16
NO092,31,40,39
PL21A,35,11,2
PL22A,89,62,83
PL22B,6,13,49
PL22C,44,22,18
PL213,91,9,53
PL214,22,72,12
PL217,79,59,54
PL218,46,51,42
PL219,87,83,23
PL224,6,55,18
PL225,49,66,94
PL227,37,1,23
PL228,97,32,60
PL229,53,41,47
PL411,67,2,36
PL414,97,20,63
PL415,55,53,34
PL416,30,17,77
PL417,75,31,38
PL418,84,21,75
PL424,46,44,58
PL426,72,37,60
PL427,20,26,22
PL428,67,58,93
PL431,75,94,58
PL432,84,33,69
PL514,31,36,5
PL515,63,95,88
PL516,39,26,54
PL517,9,12,29
PL518,34,5,65
PL523,90,43,31
PL524,0,15,84
PL613,64,74,82
PL616,40,57,51
PL617,92,64,44
PL618,4,75,43
PL619,85,48,50
PL621,61,48,91
PL622,61,75,78
PL623,39,6,64
PL633,69,1,22
PL634,88,66,59
PL636,52,75,22
PL637,82,15,81
PL638,90,5,18
PL711,52,42,73
PL712,17,67,94
PL713,53,30,86
PL714,4,25,63
PL715,14,50,83
PL721,37,3,63
PL722,58,17,3
PL811,6,29,38
PL812,72,85,98
PL814,94,97,94
PL815,62,66,21
PL821,48,15,94
PL822,56,67,52
PL823,79,45,14
PL824,9,28,77
PL841,41,21,45
PL842,44,99,86
PL843,52,79,7
PL911,50,8,78
PL912,52,48,11
PL913,89,60,30
PL921,30,95,66
PL922,28,84,95
PL923,79,27,53
PL924,91,70,86
PL925,49,77,37
PL926,29,41,76
PT11A,75,81,53
PT11B,6,68,55
PT11C,84,22,42
PT11D,53,11,30
PT11E,100,2,94
PT16B,39,50,20
PT16D,96,51,90
PT16E,95,74,43
PT16F,95,33,75
PT16G,17,54,23
PT16H,17,30,59
PT16I,52,78,39
PT16J,29,71,100
PT111,81,68,38
PT112,46,94,14
PT119,4,93,78
PT150,62,53,75
PT170,43,63,78
PT181,55,51,1
PT184,6,67,55
PT185,72,33,50
PT186,69,44,59
PT187,72,42,52
PT200,47,78,81
PT300,82,87,22
RO111,74,11,12
RO112,83,12,40
RO113,53,81,41
RO114,100,35,42
RO115,53,44,99
RO116,93,61,66
RO121,36,9,33
RO122,9,80,44
RO123,60,20,92
RO124,77,6,49
RO125,5,38,87
RO126,92,90,45
RO211,63,84,79
RO212,89,33,43
RO213,18,25,11
RO214,63,56,15
RO215,30,26,41
RO216,90,12,31
RO221,36,95,84
RO222,30,74,27
RO223,82,34,88
RO224,92,72,52
RO225,55,92,68
RO226,76,81,94
RO311,60,76,82
RO312,90,83,23
RO313,38,26,15
RO314,60,87,60
RO315,24,62,25
RO316,63,22,95
RO317,25,35,14
RO321,74,13,64
RO322,32,28,6
RO411,82,14,82
RO412,5,91,1
RO413,24,80,17
RO414,73,38,92
RO415,49,9,69
RO421,55,2,90
RO422,72,75,70
RO423,10,45,84
RO424,47,27,22
RS110,92,13,39
RS121,56,79,10
RS122,63,90,33
RS123,42,52,78
RS124,82,49,22
RS125,56,49,91
RS126,75,42,14
RS127,87,53,74
RS211,61,56,7
RS212,65,85,68
RS213,33,13,2
RS214,80,89,9
RS215,67,35,96
RS216,9,99,40
RS217,61,6,55
RS218,75,19,83
RS221,9,93,84
RS222,61,66,46
RS223,96,93,71
RS224,33,57,92
RS225,12,37,44
RS226,94,40,85
RS227,8,59,3
RS228,41,61,56
RS229,100,33,39
SE110,17,43,0
SE121,10,11,50
SE122,11,6,13
SE123,69,28,86
SE124,75,23,45
SE125,34,96,12
SE211,71,92,92
SE212,2,76,68
SE213,38,15,17
SE214,32,54,26
SE221,21,42,72
SE224,19,51,68
SE231,65,82,91
SE232,35,65,94
SE311,84,84,8
SE312,10,39,90
SE313,96,12,89
SE321,1,78,48
SE322,30,14,2
SE331,36,75,59
SE332,3,61,23
SI031,79,92,3
SI032,6,85,35
SI033,24,55,77
SI034,13,96,13
SI035,34,19,88
SI036,77,72,73
SI037,0,29,69
SI038,73,74,11
SI041,76,85,70
SI042,13,51,97
SI043,70,25,55
SI044,54,25,81
SK010,50,66,6
SK021,85,51,38
SK022,55,59,71
SK023,54,12,57
SK031,88,44,24
SK032,84,56,49
SK041,23,62,30
SK042,86,99,69
TR100,64,25,82
TR211,27,94,17
TR212,34,19,75
TR213,32,75,84
TR221,80,50,35
TR222,16,53,47
TR310,65,21,28
TR321,70,25,99
TR322,64,31,38
TR323,61,77,20
TR331,27,99,67
TR332,30,98,4
TR333,5,27,91
TR334,58,64,62
TR411,85,52,91
TR412,94,71,29
TR413,10,68,10
TR421,32,45,9
TR422,76,14,80
TR423,37,10,26
TR424,10,37,85
TR425,41,85,19
TR510,48,29,19
TR521,79,59,2
TR522,86,4,12
TR611,28,91,76
TR612,98,59,32
TR613,71,90,90
TR621,30,96,44
TR622,43,69,96
TR631,18,19,7
TR632,49,42,64
TR633,74,55,3
TR711,59,43,20
TR712,50,29,100
TR713,5,21,80
TR714,14,98,88
TR715,29,25,7
TR721,24,69,43
TR722,97,26,63
TR723,87,48,14
TR811,46,44,52
TR812,26,65,7
TR813,18,3,57
TR821,97,13,64
TR822,65,34,24
TR823,87,2,2
TR831,32,12,30
TR832,92,11,12
TR833,35,100,91
TR834,50,37,50
TR901,16,90,7
TR902,9,39,32
TR903,28,24,48
TR904,13,78,42
TR905,49,57,80
TR906,94,84,84
TRA11,98,62,32
TRA12,32,82,31
TRA13,24,68,23
TRA21,43,46,84
TRA22,96,16,40
TRA23,2,33,95
TRA24,85,23,62
TRB11,4,88,8
TRB12,25,83,74
TRB13,32,51,30
TRB14,1,73,4
TRB21,56,46,71
TRB22,95,74,58
TRB23,7,86,66
TRB24,15,54,6
TRC11,36,71,87
TRC12,33,82,46
TRC13,84,13,32
TRC21,48,53,91
TRC22,75,11,84
TRC31,85,57,28
TRC32,25,45,10
TRC33,75,62,53
TRC34,40,4,24
UKC11,19,75,28
UKC12,45,60,88
UKC13,9,22,27
UKC14,100,24,45
UKC21,88,69,15
UKC22,56,65,36
UKC23,20,62,91
UKD11,8,92,46
UKD12,88,84,48
UKD33,36,85,86
UKD34,6,21,21
UKD35,58,34,16
UKD36,43,24,21
UKD37,60,83,57
UKD41,87,62,4
UKD42,96,58,53
UKD44,33,48,15
UKD45,48,39,40
UKD46,94,73,47
UKD47,25,27,95
UKD61,52,94,61
UKD62,17,41,80
UKD63,58,72,57
UKD71,56,83,26
UKD72,83,2,88
UKD73,92,21,35
UKD74,22,27,78
UKE11,57,31,52
UKE12,54,66,32
UKE13,46,53,24
UKE21,66,9,21
UKE22,75,15,30
UKE31,56,79,100
UKE32,7,87,3
UKE41,48,67,13
UKE42,32,53,10
UKE44,79,2,42
UKE45,10,60,62
UKF11,30,9,55
UKF12,12,86,14
UKF13,6,90,13
UKF14,48,20,2
UKF15,83,66,27
UKF16,84,68,49
UKF21,20,26,55
UKF22,24,77,55
UKF24,22,11,50
UKF25,65,57,8
UKF30,24,17,82
UKG11,73,95,22
UKG12,87,40,16
UKG13,97,58,27
UKG21,84,66,99
UKG22,57,8,89
UKG23,9,14,49
UKG24,36,22,55
UKG31,63,73,10
UKG32,25,1,82
UKG33,52,1,80
UKG36,84,69,70
UKG37,26,36,49
UKG38,79,0,92
UKG39,1,96,81
UKH11,53,76,21
UKH12,90,81,88
UKH14,24,58,70
UKH15,25,49,83
UKH16,34,97,30
UKH17,25,84,88
UKH21,31,81,45
UKH23,67,78,92
UKH24,45,11,57
UKH25,73,60,4
UKH31,17,61,47
UKH32,42,89,74
UKH34,71,46,45
UKH35,23,0,10
UKH36,68,62,81
UKH37,32,83,66
UKI31,88,73,78
UKI32,2,68,55
UKI33,12,66,32
UKI34,71,51,38
UKI41,82,27,53
UKI42,44,73,34
UKI43,32,10,42
UKI44,49,25,44
UKI45,39,51,83
UKI51,41,48,99
UKI52,53,61,80
UKI53,1,48,6
UKI54,26,96,38
UKI61,41,29,99
UKI62,13,20,56
UKI63,26,17,41
UKI71,95,71,94
UKI72,41,69,57
UKI73,3,26,80
UKI74,56,21,52
UKI75,5,69,22
UKJ11,11,60,19
UKJ12,92,73,75
UKJ13,34,96,50
UKJ14,88,21,57
UKJ21,78,73,88
UKJ22,30,36,74
UKJ25,63,82,19
UKJ26,90,71,13
UKJ27,39,93,95
UKJ28,55,36,43
UKJ31,53,42,2
UKJ32,7,90,20
UKJ34,94,24,73
UKJ35,10,30,26
UKJ36,40,74,33
UKJ37,28,34,3
UKJ41,4,33,46
UKJ43,0,48,80
UKJ44,94,82,1
UKJ45,7,43,60
UKJ46,59,34,78
UKK11,42,77,32
UKK12,61,100,98
UKK13,56,68,7
UKK14,39,9,88
UKK15,87,31,43
UKK23,94,61,17
UKK24,22,22,82
UKK25,65,84,2
UKK30,39,73,73
UKK41,94,2,71
UKK42,10,91,94
UKK43,86,25,15
UKL11,94,80,81
UKL12,30,5,71
UKL13,48,60,64
UKL14,89,99,78
UKL15,4,43,63
UKL16,87,9,81
UKL17,55,0,52
UKL18,43,84,32
UKL21,61,13,64
UKL22,35,60,84
UKL23,79,12,46
UKL24,55,69,26
UKM50,2,25,62
UKM61,82,83,62
UKM62,2,86,64
UKM63,94,44,70
UKM64,21,26,79
UKM65,44,0,83
UKM66,76,72,68
UKM71,8,13,4
UKM72,63,96,89
UKM73,40,86,65
UKM75,25,42,66
UKM76,94,92,15
UKM77,9,84,14
UKM78,22,21,69
UKM81,31,33,96
UKM82,72,93,6
UKM83,60,99,95
UKM84,90,31,58
UKM91,56,20,69
UKM92,62,42,14
UKM93,64,3,36
UKM94,38,60,65
UKM95,18,78,83
UKN0A,91,37,18
UKN0B,66,55,25
UKN0C,4,84,70
UKN0D,95,98,12
UKN0E,80,30,46
UKN0F,53,37,70
UKN0G,95,11,52
UKN06,22,85,5
UKN07,12,75,97
UKN08,48,63,21
UKN09,83,37,100