,CNTR_CODE,CNTR_NAME,NUTS3_ID,LEVEL_CODE,forgottenVoters,willingnessPay,renewableSupport
7,BE,Belgium,BE32B,0,60,41,74
12,AT,Austria,AT123,0,42,46,56
13,AT,Austria,AT124,0,55,36,53
14,AT,Austria,AT125,0,48,22,65
15,AT,Austria,AT126,0,47,47,74
17,AT,Austria,AT111,0,50,25,75
18,AT,Austria,AT112,0,43,46,67
19,AT,Austria,AT113,0,53,25,69
20,AT,Austria,AT121,0,57,33,54
21,AT,Austria,AT122,0,52,21,75
22,AT,Austria,AT224,0,59,43,65
23,AT,Austria,AT225,0,58,40,53
24,AT,Austria,AT226,0,56,42,55
25,AT,Austria,AT311,0,41,42,71
26,AT,Austria,AT127,0,40,47,51
27,AT,Austria,AT130,0,51,34,50
28,AT,Austria,AT211,0,52,43,68
29,AT,Austria,AT212,0,54,24,50
30,AT,Austria,AT213,0,46,49,60
31,AT,Austria,AT221,0,51,45,71
32,AT,Austria,AT222,0,52,42,75
33,AT,Austria,AT223,0,54,48,65
34,AT,Austria,AT315,0,46,34,64
35,AT,Austria,AT321,0,59,27,63
36,AT,Austria,AT334,0,44,42,51
37,AT,Austria,AT335,0,60,21,57
38,AT,Austria,AT341,0,55,28,73
39,AT,Austria,AT342,0,49,40,59
40,BE,Belgium,BE100,0,54,34,56
41,BE,Belgium,BE211,0,59,36,58
42,BE,Belgium,BE212,0,59,28,50
43,BE,Belgium,BE213,0,42,31,74
44,AT,Austria,AT322,0,42,27,73
45,AT,Austria,AT323,0,51,37,52
46,AT,Austria,AT331,0,50,50,59
47,AT,Austria,AT332,0,47,34,75
48,AT,Austria,AT333,0,56,30,70
49,AT,Austria,AT312,0,53,33,61
50,AT,Austria,AT313,0,59,46,68
51,AT,Austria,AT314,0,58,42,52
52,BE,Belgium,BE253,0,59,21,53
53,BE,Belgium,BE254,0,52,40,61
54,BE,Belgium,BE255,0,47,29,63
55,BE,Belgium,BE256,0,60,37,63
56,BE,Belgium,BE257,0,44,40,67
57,BE,Belgium,BE258,0,43,49,73
58,BE,Belgium,BE310,0,49,23,59
59,BE,Belgium,BE323,0,51,42,54
60,BE,Belgium,BE328,0,40,48,62
61,BE,Belgium,BE329,0,43,24,53
62,BE,Belgium,BE32A,0,56,38,57
63,BE,Belgium,BE223,0,57,28,56
64,BE,Belgium,BE224,0,58,27,62
65,BE,Belgium,BE225,0,43,49,66
66,BE,Belgium,BE231,0,56,25,63
67,BE,Belgium,BE232,0,55,22,52
68,BE,Belgium,BE233,0,56,44,75
69,BE,Belgium,BE234,0,52,26,50
70,BE,Belgium,BE235,0,41,50,62
71,BE,Belgium,BE236,0,57,47,61
72,BE,Belgium,BE241,0,50,41,62
73,BE,Belgium,BE242,0,45,26,67
74,BE,Belgium,BE251,0,44,50,65
75,BE,Belgium,BE252,0,50,41,73
76,BE,Belgium,BE336,0,55,22,74
77,BE,Belgium,BE341,0,46,44,67
78,BE,Belgium,BE342,0,46,27,73
79,BE,Belgium,BE353,0,45,26,61
80,BG,Bulgaria,BG311,0,54,30,51
81,BG,Bulgaria,BG312,0,42,29,50
82,BG,Bulgaria,BG313,0,50,49,58
83,BG,Bulgaria,BG314,0,60,22,51
84,BE,Belgium,BE343,0,40,49,66
85,BE,Belgium,BE344,0,46,36,59
86,BE,Belgium,BE345,0,46,35,73
87,BE,Belgium,BE351,0,56,23,66
88,BE,Belgium,BE352,0,48,31,53
89,BE,Belgium,BE32C,0,51,21,70
90,BE,Belgium,BE32D,0,45,33,50
91,BE,Belgium,BE331,0,41,28,70
92,BE,Belgium,BE332,0,54,45,69
93,BE,Belgium,BE334,0,47,40,73
94,BE,Belgium,BE335,0,51,36,64
95,BG,Bulgaria,BG325,0,58,48,64
96,BG,Bulgaria,BG331,0,42,38,59
97,BG,Bulgaria,BG332,0,58,42,69
98,BG,Bulgaria,BG315,0,40,41,69
99,BG,Bulgaria,BG321,0,44,27,72
100,BG,Bulgaria,BG322,0,44,50,67
101,BG,Bulgaria,BG323,0,43,23,73
102,BG,Bulgaria,BG324,0,45,39,54
103,BG,Bulgaria,BG342,0,54,24,67
104,BG,Bulgaria,BG343,0,56,42,50
105,BG,Bulgaria,BG344,0,49,38,66
106,BG,Bulgaria,BG411,0,43,43,55
107,BG,Bulgaria,BG333,0,57,32,62
108,BG,Bulgaria,BG334,0,46,36,74
109,BG,Bulgaria,BG341,0,49,42,55
110,BG,Bulgaria,BG423,0,54,39,65
111,BG,Bulgaria,BG424,0,58,26,66
112,BG,Bulgaria,BG425,0,41,46,63
113,BG,Bulgaria,BG412,0,46,42,58
114,BG,Bulgaria,BG413,0,59,27,53
115,BG,Bulgaria,BG414,0,55,43,75
116,BG,Bulgaria,BG415,0,41,35,54
117,BG,Bulgaria,BG421,0,50,48,75
118,BG,Bulgaria,BG422,0,56,42,65
139,CZ,Czech Republic,CZ020,0,40,33,51
140,CZ,Czech Republic,CZ031,0,48,42,60
142,CZ,Czech Republic,CZ010,0,58,36,56
149,CZ,Czech Republic,CZ052,0,52,47,53
150,CZ,Czech Republic,CZ053,0,52,32,68
151,CZ,Czech Republic,CZ032,0,58,36,71
152,CZ,Czech Republic,CZ041,0,51,25,73
153,CZ,Czech Republic,CZ042,0,50,23,50
154,CZ,Czech Republic,CZ051,0,48,24,63
155,CZ,Czech Republic,CZ064,0,58,42,74
156,CZ,Czech Republic,CZ080,0,49,42,71
157,DE,Germany,DE111,0,40,28,64
158,DE,Germany,DE112,0,60,41,69
159,DE,Germany,DE113,0,41,48,63
160,DE,Germany,DE114,0,49,24,67
161,DE,Germany,DE115,0,56,32,65
162,CZ,Czech Republic,CZ071,0,52,36,69
163,CZ,Czech Republic,CZ072,0,51,22,61
164,CZ,Czech Republic,CZ063,0,46,37,56
165,DE,Germany,DE123,0,40,34,63
166,DE,Germany,DE124,0,42,50,74
167,DE,Germany,DE125,0,48,23,61
168,DE,Germany,DE126,0,46,48,64
169,DE,Germany,DE127,0,59,33,53
170,DE,Germany,DE128,0,56,45,62
171,DE,Germany,DE129,0,58,37,56
172,DE,Germany,DE116,0,59,31,75
173,DE,Germany,DE117,0,52,23,58
174,DE,Germany,DE118,0,57,47,62
175,DE,Germany,DE119,0,48,29,55
176,DE,Germany,DE11A,0,46,34,69
177,DE,Germany,DE11B,0,50,49,70
178,DE,Germany,DE11C,0,42,40,72
179,DE,Germany,DE11D,0,48,38,63
180,DE,Germany,DE121,0,42,36,69
181,DE,Germany,DE122,0,45,25,64
182,DE,Germany,DE133,0,41,47,59
183,DE,Germany,DE134,0,52,46,52
184,DE,Germany,DE13A,0,49,48,65
185,DE,Germany,DE141,0,56,39,57
186,DE,Germany,DE142,0,43,42,59
187,DE,Germany,DE143,0,58,45,67
188,DE,Germany,DE144,0,41,21,72
189,DE,Germany,DE145,0,45,35,69
190,DE,Germany,DE135,0,46,42,66
191,DE,Germany,DE136,0,40,37,75
192,DE,Germany,DE137,0,50,27,67
193,DE,Germany,DE138,0,43,39,75
194,DE,Germany,DE139,0,59,47,54
195,DE,Germany,DE12A,0,57,26,55
196,DE,Germany,DE12B,0,49,23,70
197,DE,Germany,DE12C,0,41,43,51
198,DE,Germany,DE131,0,58,27,50
199,DE,Germany,DE132,0,47,31,74
200,DE,Germany,DEA28,0,51,41,62
201,DE,Germany,DEA29,0,47,26,73
202,DE,Germany,DED53,0,47,44,51
203,DE,Germany,DEE01,0,56,41,64
204,DE,Germany,DEE02,0,47,29,63
205,DE,Germany,DEA5C,0,59,36,53
206,DE,Germany,DEB11,0,53,31,69
207,DE,Germany,DEB12,0,58,32,75
208,DE,Germany,DE927,0,42,27,73
209,DE,Germany,DE928,0,49,39,59
210,DE,Germany,DEB23,0,49,42,64
211,DE,Germany,DEB24,0,47,26,51
212,DE,Germany,DEE03,0,54,39,52
213,DE,Germany,DEE04,0,57,45,67
214,DE,Germany,DEE05,0,48,47,57
215,DE,Germany,DEB13,0,50,21,72
216,DE,Germany,DEB14,0,55,48,60
217,DE,Germany,DE929,0,56,50,75
218,DE,Germany,DE931,0,54,50,73
219,DE,Germany,DEB25,0,54,47,69
220,DE,Germany,DEB31,0,51,45,65
221,DE,Germany,DEB32,0,44,34,71
222,DE,Germany,DEB33,0,51,43,69
223,DE,Germany,DEB34,0,45,41,59
224,DE,Germany,DEE06,0,48,35,52
225,DE,Germany,DEE07,0,45,48,61
226,DE,Germany,DEB15,0,41,39,62
227,DE,Germany,DEB17,0,45,25,67
228,DE,Germany,DE932,0,53,50,64
229,DE,Germany,DE933,0,44,25,52
230,DE,Germany,DEB35,0,57,42,64
231,DE,Germany,DEB36,0,60,43,65
232,DE,Germany,DEB37,0,45,34,74
233,DE,Germany,DEB38,0,58,29,71
234,DE,Germany,DEB39,0,49,26,66
235,DE,Germany,DEB3A,0,49,40,58
236,DE,Germany,DEB3B,0,46,28,58
237,DE,Germany,DEE08,0,51,23,67
238,DE,Germany,DEE09,0,43,50,51
239,DE,Germany,DEB18,0,41,39,63
240,DE,Germany,DEB1A,0,41,29,69
241,DE,Germany,DE934,0,59,48,52
242,DE,Germany,DE935,0,40,49,69
243,DE,Germany,DEB3C,0,40,44,73
244,DE,Germany,DEB3D,0,58,46,66
245,DE,Germany,DEB3E,0,48,25,59
246,DE,Germany,DEE0D,0,55,50,57
247,DE,Germany,DEE0E,0,47,31,52
248,DE,Germany,DEF01,0,44,36,61
249,DE,Germany,DEB1B,0,50,35,52
250,DE,Germany,DEB1C,0,52,33,50
251,DE,Germany,DE936,0,52,50,63
252,DE,Germany,DE937,0,49,42,69
253,DE,Germany,DEB3F,0,57,42,56
254,DE,Germany,DEB3G,0,48,33,60
255,DE,Germany,DEE0A,0,58,25,67
256,DE,Germany,DEB1D,0,60,21,73
257,DE,Germany,DEB21,0,53,50,52
258,DE,Germany,DEB22,0,52,28,61
259,DE,Germany,DE938,0,41,36,69
260,DE,Germany,DE939,0,49,35,70
261,DE,Germany,DEB3H,0,50,48,62
262,DE,Germany,DEB3I,0,54,21,59
263,DE,Germany,DEE0B,0,42,33,58
264,DE,Germany,DEE0C,0,41,22,55
265,DE,Germany,DE80L,0,54,27,53
266,DE,Germany,DE80M,0,47,33,62
267,DE,Germany,DE93A,0,41,30,66
268,DE,Germany,DE93B,0,53,30,54
269,DE,Germany,DE941,0,47,43,53
270,DE,Germany,DE942,0,58,49,63
271,DE,Germany,DE943,0,40,50,51
272,DE,Germany,DEB3J,0,51,29,51
273,DE,Germany,DEB3K,0,44,43,70
274,DE,Germany,DEA2A,0,47,36,70
275,DE,Germany,DEA2B,0,48,50,51
276,DE,Germany,DE944,0,60,28,65
277,DE,Germany,DE945,0,43,43,53
278,DE,Germany,DE946,0,56,39,65
279,DE,Germany,DE947,0,49,36,70
280,DE,Germany,Dec-01,0,49,34,72
281,DE,Germany,Dec-02,0,42,33,59
282,DE,Germany,Dec-03,0,56,32,75
283,DE,Germany,Dec-04,0,59,30,61
284,DE,Germany,DEA2C,0,49,48,63
285,DE,Germany,DEA2D,0,52,32,68
286,DE,Germany,DEA31,0,56,50,55
287,DE,Germany,DEA32,0,41,40,51
288,DE,Germany,DE80N,0,48,29,62
289,DE,Germany,DE80O,0,45,30,62
290,DE,Germany,DE948,0,52,49,73
291,DE,Germany,DE949,0,43,41,63
292,DE,Germany,DE94A,0,47,21,70
293,DE,Germany,Dec-05,0,53,45,59
294,DE,Germany,Dec-06,0,52,29,72
295,DE,Germany,DED21,0,57,35,53
296,DE,Germany,DEA33,0,42,42,52
297,DE,Germany,DEA34,0,52,41,59
298,DE,Germany,DEA35,0,58,27,63
299,DE,Germany,DE911,0,44,37,66
300,DE,Germany,DE912,0,54,21,53
301,DE,Germany,DE913,0,45,41,57
302,DE,Germany,DE914,0,41,36,67
303,DE,Germany,DE94B,0,50,36,58
304,DE,Germany,DE94C,0,48,23,67
305,DE,Germany,DE94D,0,40,45,69
306,DE,Germany,DED2C,0,47,50,61
307,DE,Germany,DED2D,0,58,43,51
308,DE,Germany,DEA36,0,52,39,75
309,DE,Germany,DEA37,0,55,23,50
310,DE,Germany,DEA38,0,53,22,66
311,DE,Germany,DE916,0,55,29,51
312,DE,Germany,DE917,0,59,49,51
313,DE,Germany,DE94E,0,41,44,54
314,DE,Germany,DE94F,0,48,40,57
315,DE,Germany,DE94G,0,52,45,61
316,DE,Germany,DED2E,0,42,35,52
317,DE,Germany,DED2F,0,52,35,54
318,DE,Germany,DED41,0,57,23,58
319,DE,Germany,DEA41,0,56,33,63
320,DE,Germany,DEA42,0,52,30,73
321,DE,Germany,DEA43,0,59,48,58
322,DE,Germany,DEA44,0,57,49,58
323,DE,Germany,DE918,0,59,50,54
324,DE,Germany,DE91A,0,43,48,62
325,DE,Germany,DE91B,0,40,43,75
326,DE,Germany,DE94H,0,55,38,75
327,DE,Germany,DEA11,0,44,21,73
328,DE,Germany,DEA12,0,41,26,52
329,DE,Germany,DEA13,0,49,36,50
330,DE,Germany,DEA14,0,46,50,61
331,DE,Germany,DEA15,0,52,34,63
332,DE,Germany,DEA16,0,58,23,54
333,DE,Germany,DED42,0,41,46,55
334,DE,Germany,DEA45,0,45,47,71
335,DE,Germany,DEA46,0,45,32,65
336,DE,Germany,DEA47,0,56,27,73
337,DE,Germany,DE91C,0,53,25,74
338,DE,Germany,DEA17,0,47,22,59
339,DE,Germany,DEA18,0,44,46,60
340,DE,Germany,DEA19,0,53,45,57
341,DE,Germany,DEA1A,0,41,32,74
342,DE,Germany,DEA1B,0,53,21,50
343,DE,Germany,DEA1C,0,53,33,71
344,DE,Germany,DED43,0,41,25,60
345,DE,Germany,DEA51,0,58,43,64
346,DE,Germany,DEA52,0,59,34,58
347,DE,Germany,DEA53,0,58,33,58
348,DE,Germany,DEA54,0,58,49,70
349,DE,Germany,DEA55,0,44,28,67
350,DE,Germany,DEA56,0,47,24,56
351,DE,Germany,DE922,0,46,42,66
352,DE,Germany,DE923,0,40,42,66
353,DE,Germany,DEA1D,0,40,35,72
354,DE,Germany,DEA1E,0,55,45,51
355,DE,Germany,DEA1F,0,47,45,55
356,DE,Germany,DEA22,0,57,49,57
357,DE,Germany,DEA23,0,50,46,52
358,DE,Germany,DED44,0,46,27,55
359,DE,Germany,DED45,0,52,36,73
360,DE,Germany,DEA57,0,40,21,69
361,DE,Germany,DEA58,0,42,28,73
362,DE,Germany,DE925,0,44,32,58
363,DE,Germany,DE926,0,46,35,69
364,DE,Germany,DEA24,0,53,38,65
365,DE,Germany,DEA26,0,41,31,66
366,DE,Germany,DEA27,0,43,45,65
367,DE,Germany,DED51,0,42,35,69
368,DE,Germany,DED52,0,55,34,65
369,DE,Germany,DEA59,0,45,32,56
370,DE,Germany,DEA5A,0,57,27,65
371,DE,Germany,DEA5B,0,47,42,68
372,DE,Germany,DE257,0,51,44,54
373,DE,Germany,DE258,0,52,23,73
374,DE,Germany,DE733,0,56,25,62
375,DE,Germany,DE734,0,52,27,65
376,DE,Germany,DE27C,0,43,50,61
377,DE,Germany,DE27D,0,53,36,69
378,DE,Germany,DE226,0,42,37,59
379,DE,Germany,DE227,0,54,39,65
380,DE,Germany,DE407,0,50,38,52
381,DE,Germany,DE408,0,56,27,51
382,DE,Germany,DE735,0,54,35,52
383,DE,Germany,DE736,0,44,36,65
384,DE,Germany,DE27E,0,57,42,61
385,DE,Germany,DE300,0,58,24,54
386,DE,Germany,DE228,0,46,40,56
387,DE,Germany,DE229,0,55,27,58
388,DE,Germany,DE409,0,43,29,73
389,DE,Germany,DE40A,0,50,41,62
390,DE,Germany,DE737,0,55,27,70
391,DE,Germany,DE803,0,59,40,58
392,DE,Germany,DE804,0,53,49,69
393,DE,Germany,DE401,0,56,46,59
394,DE,Germany,DE402,0,51,31,51
395,DE,Germany,DE403,0,40,50,50
396,DE,Germany,DE404,0,59,49,69
397,DE,Germany,DE22A,0,49,39,73
398,DE,Germany,DE22B,0,44,45,58
399,DE,Germany,DE40B,0,58,21,63
400,DE,Germany,DE40C,0,49,25,75
401,DE,Germany,DE80J,0,42,49,53
402,DE,Germany,DE405,0,53,24,57
403,DE,Germany,DE22C,0,48,29,74
404,DE,Germany,DE231,0,57,25,52
405,DE,Germany,DE232,0,49,42,70
406,DE,Germany,DE233,0,59,35,64
407,DE,Germany,DE40D,0,44,38,53
408,DE,Germany,DE406,0,54,41,74
409,DE,Germany,DE234,0,60,28,62
410,DE,Germany,DE235,0,57,50,72
411,DE,Germany,DE40E,0,41,46,59
412,DE,Germany,DE80K,0,43,32,75
413,DE,Germany,DE146,0,49,47,73
414,DE,Germany,DE147,0,45,43,52
415,DE,Germany,DE236,0,47,21,61
416,DE,Germany,DE40F,0,43,48,68
417,DE,Germany,DE40G,0,41,46,63
418,DE,Germany,DE259,0,46,50,72
419,DE,Germany,DE25A,0,51,47,60
420,DE,Germany,DE148,0,50,34,58
421,DE,Germany,DE149,0,49,31,52
422,DE,Germany,DE237,0,53,26,54
423,DE,Germany,DE40H,0,57,36,74
424,DE,Germany,DE25B,0,50,48,59
425,DE,Germany,DE25C,0,45,31,64
426,DE,Germany,DE261,0,54,40,70
427,DE,Germany,DE262,0,42,21,69
428,DE,Germany,DE211,0,57,36,71
429,DE,Germany,DE212,0,59,30,58
430,DE,Germany,DE213,0,53,29,51
431,DE,Germany,DE214,0,40,45,74
432,DE,Germany,DE215,0,42,48,57
433,DE,Germany,DE238,0,41,37,68
434,DE,Germany,DE40I,0,42,47,61
435,DE,Germany,DE501,0,58,28,67
436,DE,Germany,DE502,0,46,22,62
437,DE,Germany,DE263,0,44,40,57
438,DE,Germany,DE264,0,57,45,53
439,DE,Germany,DE265,0,52,43,54
440,DE,Germany,DE216,0,52,37,60
441,DE,Germany,DE217,0,60,26,56
442,DE,Germany,DE218,0,57,28,74
443,DE,Germany,DE239,0,46,41,69
444,DE,Germany,DE23A,0,50,27,61
445,DE,Germany,DE241,0,58,29,71
446,DE,Germany,DE600,0,47,30,74
447,DE,Germany,DE711,0,54,29,59
448,DE,Germany,DE712,0,50,35,70
449,DE,Germany,DE713,0,46,32,63
450,DE,Germany,DE714,0,44,30,54
451,DE,Germany,DE266,0,54,33,59
452,DE,Germany,DE267,0,45,44,56
453,DE,Germany,DE219,0,56,49,75
454,DE,Germany,DE21A,0,43,32,73
455,DE,Germany,DE21B,0,47,27,62
456,DE,Germany,DE242,0,51,39,72
457,DE,Germany,DE243,0,46,42,56
458,DE,Germany,DE244,0,45,31,60
459,DE,Germany,DE245,0,52,23,75
460,DE,Germany,DE715,0,60,35,54
461,DE,Germany,DE716,0,58,48,64
462,DE,Germany,DE717,0,54,35,66
463,DE,Germany,DE268,0,54,36,66
464,DE,Germany,DE269,0,59,40,70
465,DE,Germany,DE21C,0,59,47,51
466,DE,Germany,DE21D,0,55,30,67
467,DE,Germany,DE21E,0,43,37,65
468,DE,Germany,DE246,0,56,34,69
469,DE,Germany,DE718,0,43,45,50
470,DE,Germany,DE719,0,57,33,50
471,DE,Germany,DE71A,0,51,30,61
472,DE,Germany,DE26A,0,49,41,65
473,DE,Germany,DE26B,0,41,21,73
474,DE,Germany,DE21F,0,44,40,58
475,DE,Germany,DE21G,0,59,36,68
476,DE,Germany,DE21H,0,57,30,59
477,DE,Germany,DE247,0,53,23,73
478,DE,Germany,DE248,0,40,22,66
479,DE,Germany,DE71B,0,41,45,63
480,DE,Germany,DE71C,0,56,24,50
481,DE,Germany,DE71D,0,55,49,52
482,DE,Germany,DE26C,0,46,46,57
483,DE,Germany,DE271,0,41,32,70
484,DE,Germany,DE272,0,57,29,56
485,DE,Germany,DE273,0,42,38,63
486,DE,Germany,DE274,0,60,25,72
487,DE,Germany,DE21I,0,59,38,56
488,DE,Germany,DE21J,0,41,46,67
489,DE,Germany,DE249,0,53,27,64
490,DE,Germany,DE24A,0,56,45,65
491,DE,Germany,DE71E,0,50,47,52
492,DE,Germany,DE721,0,58,38,73
493,DE,Germany,DE275,0,56,30,75
494,DE,Germany,DE276,0,54,40,72
495,DE,Germany,DE21K,0,49,37,63
496,DE,Germany,DE21L,0,57,26,50
497,DE,Germany,DE24B,0,50,46,64
498,DE,Germany,DE24C,0,43,48,71
499,DE,Germany,DE24D,0,49,48,69
500,DE,Germany,DE251,0,48,50,57
501,DE,Germany,DE722,0,60,32,59
502,DE,Germany,DE723,0,54,33,68
503,DE,Germany,DE724,0,41,49,67
504,DE,Germany,DE277,0,48,50,58
505,DE,Germany,DE278,0,50,49,72
506,DE,Germany,DE279,0,40,43,52
507,DE,Germany,DE21M,0,53,50,54
508,DE,Germany,DE21N,0,53,36,60
509,DE,Germany,DE221,0,60,34,55
510,DE,Germany,DE252,0,51,38,54
511,DE,Germany,DE253,0,46,21,61
512,DE,Germany,DE254,0,53,44,63
513,DE,Germany,DE255,0,51,30,66
514,DE,Germany,DE725,0,41,27,53
515,DE,Germany,DE731,0,56,39,53
516,DE,Germany,DE732,0,53,32,66
517,DE,Germany,DE27A,0,45,39,67
518,DE,Germany,DE27B,0,53,24,59
519,DE,Germany,DE222,0,58,32,69
520,DE,Germany,DE223,0,57,46,73
521,DE,Germany,DE224,0,55,45,58
522,DE,Germany,DE225,0,46,34,62
523,DE,Germany,DE256,0,41,32,56
524,ES,Spain,ES120,0,60,37,50
525,ES,Spain,ES423,0,42,41,59
526,ES,Spain,ES243,0,60,30,60
527,EL,Greece,EL642,0,53,40,59
528,EL,Greece,EL643,0,59,38,62
529,ES,Spain,ES413,0,45,22,55
530,EL,Greece,EL644,0,44,33,65
531,ES,Spain,ES424,0,50,33,71
532,ES,Spain,ES300,0,60,27,52
533,ES,Spain,ES411,0,56,36,55
534,EL,Greece,EL645,0,55,39,56
535,ES,Spain,ES414,0,59,40,73
536,ES,Spain,ES415,0,42,32,65
537,ES,Spain,ES412,0,54,39,75
538,EL,Greece,EL651,0,48,44,67
539,EL,Greece,EL652,0,54,23,50
540,ES,Spain,ES416,0,54,24,74
541,ES,Spain,ES425,0,50,22,69
542,EL,Greece,EL611,0,54,45,59
543,ES,Spain,ES130,0,42,42,60
544,EL,Greece,EL612,0,44,28,72
545,EL,Greece,EL653,0,43,37,60
546,ES,Spain,ES417,0,43,47,53
547,ES,Spain,ES211,0,52,36,72
548,ES,Spain,ES212,0,53,31,69
549,ES,Spain,ES213,0,47,21,71
550,EL,Greece,EL613,0,53,23,72
551,EL,Greece,EL621,0,41,47,53
552,EL,Greece,EL622,0,51,45,67
553,ES,Spain,ES111,0,42,21,75
554,ES,Spain,ES418,0,48,28,69
555,EL,Greece,EL623,0,49,44,68
556,ES,Spain,ES112,0,42,38,70
557,ES,Spain,ES220,0,45,36,52
558,ES,Spain,ES230,0,59,33,72
559,EL,Greece,EL624,0,59,27,59
560,ES,Spain,ES113,0,52,47,64
561,ES,Spain,ES419,0,43,27,65
562,EL,Greece,EL631,0,55,23,67
563,ES,Spain,ES421,0,45,36,63
564,ES,Spain,ES241,0,46,36,72
565,EL,Greece,EL632,0,52,43,54
566,EL,Greece,EL633,0,55,40,68
567,ES,Spain,ES114,0,41,25,68
568,EL,Greece,EL641,0,55,23,75
569,ES,Spain,ES422,0,56,24,64
570,ES,Spain,ES242,0,53,44,50
571,DK,Denmark,DK042,0,46,40,51
572,EL,Greece,EL527,0,40,41,50
573,DE,Germany,DEG0G,0,49,46,70
574,DE,Germany,DEG0J,0,57,37,62
575,EL,Greece,EL531,0,59,21,50
576,EL,Greece,EL307,0,41,48,56
577,DE,Germany,DEG0K,0,56,50,54
578,DE,Germany,DEG0L,0,55,42,52
579,EL,Greece,EL421,0,48,24,71
580,EL,Greece,EL532,0,48,23,51
581,EL,Greece,EL533,0,40,21,67
582,EL,Greece,EL411,0,55,27,51
583,DE,Germany,DEG0M,0,40,43,67
584,DE,Germany,DEG0Q,0,46,43,57
585,EL,Greece,EL541,0,59,40,51
586,EL,Greece,EL412,0,45,47,52
587,EL,Greece,EL413,0,60,34,58
588,DE,Germany,DEG0R,0,59,21,55
589,DE,Germany,DEG0S,0,47,30,53
590,EL,Greece,EL543,0,50,45,72
591,DE,Germany,DEG0T,0,47,24,61
592,DE,Germany,DEG0U,0,54,35,60
593,EL,Greece,EL422,0,58,26,65
594,EL,Greece,EL542,0,41,27,59
595,DE,Germany,DEF02,0,52,46,75
596,DE,Germany,DEF03,0,50,48,61
597,DE,Germany,DEF04,0,56,28,56
598,DE,Germany,DEF05,0,48,37,59
599,DE,Germany,DEG0V,0,57,21,60
600,DK,Denmark,DK011,0,51,31,53
601,DK,Denmark,DK012,0,42,35,60
602,DK,Denmark,DK013,0,47,35,73
603,EL,Greece,EL431,0,47,27,67
604,DE,Germany,DEF06,0,40,47,64
605,DK,Denmark,DK014,0,59,36,59
606,DK,Denmark,DK021,0,60,50,75
607,EL,Greece,EL432,0,54,34,73
608,DK,Denmark,DK050,0,56,46,53
609,DE,Germany,DEF07,0,48,34,63
610,EL,Greece,EL433,0,55,42,68
611,EL,Greece,EL434,0,48,43,66
612,EE,Estonia,EE001,0,46,32,51
613,EE,Estonia,EE008,0,47,31,64
614,DE,Germany,DEF08,0,47,42,63
615,DE,Germany,DEF09,0,52,42,58
616,DK,Denmark,DK022,0,47,30,64
617,EL,Greece,EL511,0,55,35,73
618,DE,Germany,DEF0A,0,55,44,51
619,DE,Germany,DEF0B,0,48,36,65
620,EL,Greece,EL512,0,48,35,75
621,EL,Greece,EL513,0,55,34,74
622,DE,Germany,DEF0C,0,51,46,62
623,DK,Denmark,DK031,0,50,31,68
624,EL,Greece,EL514,0,56,45,65
625,EE,Estonia,EE004,0,50,32,58
626,DE,Germany,DEF0D,0,58,46,67
627,DE,Germany,DEF0E,0,51,46,64
628,EL,Greece,EL515,0,53,48,50
629,EL,Greece,EL521,0,44,30,58
630,DE,Germany,DEF0F,0,51,38,62
631,DE,Germany,DEG01,0,51,27,72
632,DE,Germany,DEG02,0,52,35,67
633,DE,Germany,DEG03,0,56,27,54
634,DE,Germany,DEG05,0,47,44,60
635,DK,Denmark,DK032,0,47,44,68
636,EL,Greece,EL522,0,53,28,51
637,DE,Germany,DEG06,0,51,40,67
638,DE,Germany,DEG07,0,53,26,67
639,DE,Germany,DEG09,0,58,26,67
640,EL,Greece,EL523,0,54,24,59
641,EL,Greece,EL524,0,51,44,63
642,EE,Estonia,EE009,0,49,48,55
643,EE,Estonia,EE00A,0,57,28,72
644,EL,Greece,EL301,0,58,45,55
645,EL,Greece,EL302,0,46,32,66
646,EL,Greece,EL303,0,59,48,68
647,EL,Greece,EL304,0,47,44,55
648,DE,Germany,DEG0A,0,48,30,67
649,DE,Germany,DEG0C,0,41,43,64
650,DK,Denmark,DK041,0,42,49,68
651,EL,Greece,EL525,0,58,45,63
652,EL,Greece,EL526,0,51,24,57
653,EL,Greece,EL305,0,59,36,70
654,EL,Greece,EL306,0,50,44,55
655,DE,Germany,DEG0D,0,49,38,67
656,DE,Germany,DEG0E,0,54,43,62
657,FR,France,FRB01,0,50,30,65
658,FR,France,FRE21,0,59,37,65
659,FR,France,FRC12,0,58,30,69
660,FR,France,FRC21,0,43,37,56
661,FR,France,FRC22,0,43,36,72
662,FR,France,FRE22,0,48,39,60
663,FR,France,FRC13,0,49,46,72
664,FR,France,FRC23,0,57,49,51
665,FR,France,FRC24,0,48,29,57
666,FR,France,FRF12,0,42,25,52
667,FR,France,FRC14,0,40,50,61
668,FR,France,FRD11,0,48,47,63
669,FR,France,FRE23,0,51,33,50
670,FR,France,FRD12,0,44,44,52
671,FR,France,FRF11,0,47,24,61
672,FI,Finland,FI1D7,0,52,26,50
673,FR,France,FRB02,0,57,38,52
674,FI,Finland,FI1D8,0,57,32,59
675,FR,France,FRD13,0,40,43,67
676,FR,France,FRB03,0,57,45,51
677,FR,France,FRB04,0,59,31,72
678,FI,Finland,FI200,0,56,43,68
679,FR,France,FR101,0,44,21,53
680,FR,France,FRD21,0,57,22,51
681,FR,France,FRD22,0,41,32,52
682,FI,Finland,FI1D9,0,55,40,69
683,FR,France,FRB05,0,56,31,75
684,FR,France,FR102,0,53,46,72
685,FR,France,FR103,0,48,38,72
686,FR,France,FRE11,0,40,41,51
687,FI,Finland,FI1DA,0,40,35,71
688,FR,France,FR104,0,59,37,72
689,FR,France,FR105,0,52,21,73
690,FR,France,FRB06,0,46,36,53
691,FI,Finland,FI1DB,0,41,41,75
692,FR,France,FR106,0,48,32,71
693,FR,France,FR107,0,50,46,50
694,FR,France,FRE12,0,59,44,53
695,FI,Finland,FI1DC,0,52,43,62
696,FR,France,FR108,0,40,23,57
697,FR,France,FRC11,0,41,31,52
698,ES,Spain,ES532,0,42,40,57
699,ES,Spain,ES533,0,48,41,51
700,ES,Spain,ES611,0,41,33,59
701,FI,Finland,FI1C7,0,56,31,67
702,ES,Spain,ES612,0,54,25,50
703,FI,Finland,FI1D5,0,52,28,62
704,FI,Finland,FI1B1,0,46,29,63
705,FI,Finland,FI1C1,0,40,50,54
706,FI,Finland,FI1C2,0,44,33,71
707,ES,Spain,ES613,0,52,30,60
708,ES,Spain,ES614,0,53,47,57
709,ES,Spain,ES431,0,53,34,51
710,ES,Spain,ES615,0,41,41,52
711,ES,Spain,ES616,0,40,46,58
712,ES,Spain,ES432,0,46,48,72
713,ES,Spain,ES617,0,56,25,73
714,ES,Spain,ES511,0,44,35,68
715,ES,Spain,ES512,0,53,28,71
716,ES,Spain,ES618,0,40,34,67
717,ES,Spain,ES620,0,59,33,66
718,ES,Spain,ES630,0,47,50,57
719,ES,Spain,ES640,0,57,23,73
720,ES,Spain,ES703,0,48,31,59
721,ES,Spain,ES704,0,56,49,50
722,ES,Spain,ES705,0,45,43,53
723,ES,Spain,ES706,0,55,36,52
724,ES,Spain,ES707,0,43,39,72
725,FI,Finland,FI19A,0,45,27,53
726,ES,Spain,ES513,0,55,21,64
727,ES,Spain,ES514,0,57,41,72
728,ES,Spain,ES708,0,55,34,55
729,ES,Spain,ES709,0,49,42,68
730,FI,Finland,FI19B,0,58,21,50
731,ES,Spain,ES521,0,42,45,63
732,ES,Spain,ES522,0,56,24,59
733,FI,Finland,FI196,0,46,45,55
734,FI,Finland,FI1C5,0,47,23,69
735,ES,Spain,ES523,0,52,40,69
736,FI,Finland,FI198,0,53,48,50
737,FI,Finland,FI1C6,0,41,23,61
738,ES,Spain,ES531,0,50,47,63
739,FI,Finland,FI199,0,41,44,62
740,FR,France,FRY10,0,54,28,62
741,HU,Hungary,HU213,0,58,32,63
742,HR,Croatia,HR028,0,41,36,67
743,HR,Croatia,HR033,0,53,42,53
744,HU,Hungary,HU221,0,50,31,73
745,FR,France,FRK24,0,47,46,51
746,HU,Hungary,HU222,0,41,27,69
747,HR,Croatia,HR031,0,46,31,75
748,HR,Croatia,HR034,0,47,45,56
749,HU,Hungary,HU223,0,41,37,56
750,HR,Croatia,HR032,0,42,44,58
751,FR,France,FRK25,0,53,27,68
752,FR,France,FRK26,0,60,37,54
753,HU,Hungary,HU233,0,60,35,56
754,FR,France,FRK27,0,57,25,59
755,HR,Croatia,HR035,0,40,48,50
756,HU,Hungary,HU231,0,55,37,70
757,FR,France,FRK28,0,55,41,70
758,HR,Croatia,HR036,0,50,39,74
759,HU,Hungary,HU232,0,54,49,68
760,FR,France,FRK12,0,57,46,68
761,FR,France,FRY20,0,40,32,60
762,FR,France,FRK13,0,43,29,71
763,FR,France,FRL01,0,53,21,73
764,HR,Croatia,HR037,0,57,28,69
765,HR,Croatia,HR050,0,48,49,71
766,HR,Croatia,HR061,0,42,46,64
767,HR,Croatia,HR062,0,40,29,60
768,HR,Croatia,HR063,0,45,43,74
769,FR,France,FRY30,0,52,26,57
770,FR,France,FRY40,0,54,30,69
771,FR,France,FRK14,0,45,49,59
772,FR,France,FRL02,0,55,29,71
773,FR,France,FRL03,0,54,39,61
774,HR,Croatia,HR064,0,42,35,64
775,FR,France,FRY50,0,60,50,71
776,HR,Croatia,HR021,0,59,25,69
777,FR,France,FRL04,0,40,36,57
778,HR,Croatia,HR065,0,50,39,57
779,HR,Croatia,HR022,0,55,50,57
780,HR,Croatia,HR023,0,46,49,72
781,FR,France,FRK21,0,51,39,73
782,FR,France,FRL05,0,42,36,67
783,HU,Hungary,HU110,0,48,21,71
784,HR,Croatia,HR024,0,46,25,50
785,FR,France,FRK22,0,51,44,73
786,FR,France,FRL06,0,50,23,67
787,HR,Croatia,HR025,0,58,39,70
788,FR,France,FRM01,0,40,29,66
789,HU,Hungary,HU120,0,49,43,57
790,HU,Hungary,HU211,0,50,34,75
791,HR,Croatia,HR026,0,43,25,70
792,FR,France,FRK23,0,51,45,60
793,FR,France,FRM02,0,58,32,67
794,HU,Hungary,HU212,0,59,21,64
795,HR,Croatia,HR027,0,45,40,56
796,FR,France,FRJ25,0,44,41,65
797,FR,France,FRI23,0,47,31,69
798,FR,France,FRF33,0,57,22,54
799,FR,France,FRJ26,0,46,45,73
800,FR,France,FRI33,0,56,45,57
801,FR,France,FRJ27,0,55,25,57
802,FR,France,FRI31,0,44,21,72
803,FR,France,FRF34,0,45,46,63
804,FR,France,FRJ28,0,52,39,73
805,FR,France,FRI34,0,44,45,60
806,FR,France,FRK11,0,58,39,67
807,FR,France,FRI32,0,60,43,71
808,FR,France,FRG01,0,52,24,72
809,FR,France,FRJ11,0,41,45,66
810,FR,France,FRF21,0,42,44,74
811,FR,France,FRJ12,0,41,37,63
812,FR,France,FRF22,0,49,46,75
813,FR,France,FRG02,0,50,34,53
814,FR,France,FRG03,0,45,50,52
815,FR,France,FRJ13,0,56,22,53
816,FR,France,FRH04,0,52,38,73
817,FR,France,FRG04,0,47,41,60
818,FR,France,FRJ14,0,40,27,52
819,FR,France,FRF23,0,45,34,63
820,FR,France,FRJ15,0,48,31,59
821,FR,France,FRI11,0,42,43,57
822,FR,France,FRG05,0,45,31,64
823,FR,France,FRJ21,0,42,21,52
824,FR,France,FRF24,0,54,41,64
825,FR,France,FRI12,0,47,49,52
826,FR,France,FRI13,0,46,46,65
827,FR,France,FRH01,0,50,48,72
828,FR,France,FRJ22,0,57,46,56
829,FR,France,FRI14,0,42,36,58
830,FR,France,FRF31,0,49,38,61
831,FR,France,FRH02,0,41,49,55
832,FR,France,FRJ23,0,54,45,60
833,FR,France,FRI15,0,59,37,61
834,FR,France,FRI21,0,46,33,55
835,FR,France,FRF32,0,52,42,70
836,FR,France,FRJ24,0,54,21,71
837,FR,France,FRI22,0,55,48,57
838,FR,France,FRH03,0,51,31,60
839,IT,Italy,ITH54,0,42,31,68
840,IT,Italy,ITH55,0,53,24,50
841,LV,Latvia,LV009,0,57,38,66
842,LV,Latvia,LV00A,0,50,31,72
843,IT,Italy,ITI22,0,60,40,59
844,IT,Italy,ITG2D,0,47,22,54
845,IT,Italy,ITG2E,0,44,45,62
846,IT,Italy,ITI44,0,55,29,72
847,IT,Italy,ITI45,0,54,31,61
848,LV,Latvia,LV00B,0,44,34,63
849,IT,Italy,ITI31,0,56,30,70
850,IT,Italy,ITI32,0,44,50,54
851,IT,Italy,ITG2F,0,55,35,56
852,IT,Italy,ITG2G,0,43,24,60
854,IT,Italy,ITI33,0,44,30,73
855,IT,Italy,ITI34,0,53,40,73
856,IT,Italy,ITI35,0,57,46,58
857,IT,Italy,ITG2H,0,57,26,51
858,LV,Latvia,LV00C,0,53,37,75
859,IT,Italy,ITI41,0,58,39,51
860,IT,Italy,ITH10,0,42,33,63
861,LT,Lithuania,LT011,0,57,23,61
862,LT,Lithuania,LT021,0,56,34,75
865,IT,Italy,ITI42,0,45,21,66
866,IT,Italy,ITH20,0,41,22,51
867,LT,Lithuania,LT022,0,50,39,61
869,IT,Italy,ITI43,0,45,21,52
870,IT,Italy,ITH31,0,54,30,55
871,IT,Italy,ITH32,0,41,39,63
872,LT,Lithuania,LT023,0,54,27,54
875,IT,Italy,ITF65,0,50,27,53
876,IT,Italy,ITG11,0,51,41,72
877,IT,Italy,ITH33,0,41,44,55
878,LT,Lithuania,LT024,0,58,50,65
879,IT,Italy,ITH56,0,60,21,72
880,IT,Italy,ITH57,0,58,35,56
881,IT,Italy,ITG12,0,54,41,66
882,IT,Italy,ITH34,0,52,41,63
883,LT,Lithuania,LT025,0,44,43,55
884,IT,Italy,ITH58,0,49,35,71
885,IT,Italy,ITH59,0,45,29,51
886,IT,Italy,ITG13,0,57,29,55
887,LT,Lithuania,LT026,0,46,37,60
888,IT,Italy,ITI11,0,46,49,69
889,IT,Italy,ITI12,0,44,45,68
890,IT,Italy,ITI13,0,59,49,51
891,IT,Italy,ITG14,0,52,39,70
892,IT,Italy,ITH35,0,40,40,66
893,IT,Italy,ITH36,0,57,34,66
894,LT,Lithuania,LT027,0,57,41,58
895,IT,Italy,ITI14,0,53,32,51
896,IT,Italy,ITI15,0,56,44,58
897,IT,Italy,ITG15,0,42,39,67
898,IT,Italy,ITH37,0,46,33,64
899,LT,Lithuania,LT028,0,46,22,50
900,IT,Italy,ITI16,0,42,22,71
901,IT,Italy,ITG16,0,60,33,51
902,IT,Italy,ITH41,0,47,36,67
903,LT,Lithuania,LT029,0,53,22,64
904,IT,Italy,ITI17,0,56,22,54
905,IT,Italy,ITI18,0,47,39,50
906,IT,Italy,ITG17,0,45,32,57
907,IT,Italy,ITH42,0,58,40,53
909,IT,Italy,ITI19,0,58,24,54
910,IT,Italy,ITG18,0,48,46,65
911,IT,Italy,ITG19,0,53,32,55
912,IT,Italy,ITH43,0,58,47,66
913,IT,Italy,ITH44,0,53,37,64
914,IT,Italy,ITH51,0,59,38,64
915,LV,Latvia,LV005,0,48,22,74
916,IT,Italy,ITI1A,0,42,45,66
917,IT,Italy,ITH52,0,54,40,64
918,IT,Italy,ITH53,0,48,22,68
919,IT,Italy,ITI21,0,45,22,69
920,IT,Italy,ITF45,0,48,31,67
921,IT,Italy,ITF46,0,45,42,65
922,IT,Italy,ITC20,0,40,50,50
923,IT,Italy,ITC31,0,50,39,66
924,IE,Ireland,IE041,0,53,26,54
925,IT,Italy,ITC46,0,40,22,56
926,IT,Italy,ITF47,0,58,44,71
927,IT,Italy,ITF48,0,45,45,53
928,IT,Italy,ITC32,0,57,37,50
929,IT,Italy,ITC33,0,45,26,59
930,IT,Italy,ITC47,0,43,31,68
931,IT,Italy,ITF51,0,55,34,57
932,IT,Italy,ITC34,0,54,25,65
933,IT,Italy,ITC41,0,40,31,59
934,IT,Italy,ITC48,0,48,37,50
935,IT,Italy,ITF52,0,57,34,54
936,IT,Italy,ITC42,0,53,49,54
937,IT,Italy,ITC43,0,58,34,55
938,IE,Ireland,IE042,0,51,47,67
939,IT,Italy,ITC49,0,60,24,58
940,IT,Italy,ITF63,0,58,50,65
941,IT,Italy,ITF64,0,44,50,60
942,IT,Italy,ITC44,0,52,40,50
943,IT,Italy,ITC4A,0,56,35,67
944,IT,Italy,ITF61,0,57,25,66
945,IT,Italy,ITF62,0,42,26,68
946,IE,Ireland,IE051,0,43,39,70
947,IT,Italy,ITC4B,0,53,43,68
948,HU,Hungary,HU311,0,55,49,73
949,HU,Hungary,HU312,0,45,48,62
950,IT,Italy,ITC4C,0,48,28,54
951,IT,Italy,ITC4D,0,41,33,59
952,HU,Hungary,HU313,0,51,37,52
953,IE,Ireland,IE052,0,42,50,52
954,IT,Italy,ITF11,0,44,34,65
955,IT,Italy,ITF12,0,55,47,72
956,HU,Hungary,HU321,0,48,44,75
957,IT,Italy,ITF13,0,40,33,72
958,IT,Italy,ITF14,0,56,26,67
960,HU,Hungary,HU322,0,52,24,73
961,IE,Ireland,IE053,0,59,42,63
962,IT,Italy,ITF21,0,52,46,60
963,IT,Italy,ITF22,0,44,43,54
964,IT,Italy,ITC11,0,41,25,71
965,HU,Hungary,HU323,0,46,37,67
966,IE,Ireland,IE061,0,57,40,57
967,IT,Italy,ITF31,0,58,25,72
968,IT,Italy,ITF32,0,52,34,60
969,IT,Italy,ITC12,0,53,31,59
970,IT,Italy,ITC13,0,44,21,69
971,HU,Hungary,HU331,0,49,38,59
972,IT,Italy,ITF33,0,55,22,51
973,IT,Italy,ITC14,0,55,43,68
974,IT,Italy,ITC15,0,41,49,62
975,HU,Hungary,HU332,0,43,27,72
976,IE,Ireland,IE062,0,50,25,55
977,IE,Ireland,IE063,0,51,45,57
978,IT,Italy,ITF34,0,49,41,73
979,IT,Italy,ITC16,0,44,39,55
980,HU,Hungary,HU333,0,51,27,72
982,IT,Italy,ITF35,0,55,24,53
983,IT,Italy,ITC17,0,59,22,53
984,IT,Italy,ITF43,0,50,48,74
985,IT,Italy,ITF44,0,40,41,69
986,IT,Italy,ITC18,0,58,36,53
987,PL,Poland,PL224,0,41,28,59
988,PL,Poland,PL225,0,48,36,74
990,PL,Poland,PL227,0,41,25,53
991,PL,Poland,PL228,0,53,42,59
992,PL,Poland,PL229,0,44,49,63
993,PL,Poland,PL22A,0,47,23,75
995,PL,Poland,PL22B,0,42,40,58
996,PL,Poland,PL22C,0,40,28,70
997,PL,Poland,PL415,0,46,50,67
998,PL,Poland,PL416,0,51,47,55
1000,PL,Poland,PL411,0,53,34,72
1001,PL,Poland,PL414,0,40,42,75
1006,PL,Poland,PL213,0,57,28,54
1008,PL,Poland,PL214,0,60,26,67
1009,PL,Poland,PL217,0,59,35,51
1010,PL,Poland,PL218,0,43,38,58
1013,PL,Poland,PL219,0,42,41,64
1014,PL,Poland,PL21A,0,50,28,71
1021,NL,Netherlands,NL415,0,50,50,74
1022,NL,Netherlands,NL416,0,52,48,61
1023,NL,Netherlands,NL421,0,53,49,56
1024,NL,Netherlands,NL422,0,56,33,52
1025,NL,Netherlands,NL423,0,49,48,65
1033,NL,Netherlands,NL112,0,59,41,68
1034,NL,Netherlands,NL114,0,48,30,63
1035,NL,Netherlands,NL115,0,40,39,64
1036,NL,Netherlands,NL126,0,58,32,75
1037,NL,Netherlands,NL127,0,44,32,66
1038,NL,Netherlands,NL128,0,41,50,64
1039,NL,Netherlands,NL131,0,45,50,70
1040,NL,Netherlands,NL132,0,49,49,54
1041,NL,Netherlands,NL133,0,45,21,73
1042,NL,Netherlands,NL211,0,54,34,61
1043,NL,Netherlands,NL212,0,49,46,51
1044,NL,Netherlands,NL213,0,45,32,68
1045,NL,Netherlands,NL221,0,55,25,65
1046,NL,Netherlands,NL224,0,51,27,51
1047,NL,Netherlands,NL225,0,51,41,63
1048,NL,Netherlands,NL226,0,60,33,60
1049,NL,Netherlands,NL230,0,52,36,63
1050,NL,Netherlands,NL321,0,40,34,54
1051,NL,Netherlands,NL323,0,57,47,69
1052,NL,Netherlands,NL325,0,44,26,60
1053,NL,Netherlands,NL327,0,49,30,66
1054,NL,Netherlands,NL328,0,47,23,62
1055,NL,Netherlands,NL32A,0,49,23,63
1056,NL,Netherlands,NL32B,0,55,41,74
1057,NL,Netherlands,NL341,0,58,39,69
1058,NL,Netherlands,NL342,0,53,28,72
1059,NL,Netherlands,NL350,0,45,27,54
1060,NL,Netherlands,NL361,0,50,24,67
1061,NL,Netherlands,NL362,0,56,31,56
1062,NL,Netherlands,NL363,0,52,40,52
1063,NL,Netherlands,NL364,0,46,39,68
1064,NL,Netherlands,NL365,0,57,24,68
1065,NL,Netherlands,NL366,0,49,45,69
1066,NL,Netherlands,NL411,0,58,50,58
1067,NL,Netherlands,NL414,0,45,50,56
1069,RO,Romania,RO311,0,56,37,61
1070,PT,Portugal,PT300,0,43,31,63
1071,RO,Romania,RO317,0,41,47,50
1073,RO,Romania,RO312,0,55,31,71
1074,RO,Romania,RO111,0,46,28,73
1075,RO,Romania,RO321,0,50,34,69
1076,RO,Romania,RO322,0,40,40,71
1079,RO,Romania,RO313,0,53,45,56
1080,RO,Romania,RO112,0,52,33,53
1081,RO,Romania,RO411,0,41,26,50
1084,RO,Romania,RO113,0,49,30,63
1085,RO,Romania,RO412,0,42,47,75
1088,RO,Romania,RO314,0,51,47,71
1089,RO,Romania,RO315,0,40,24,71
1090,RO,Romania,RO114,0,57,44,54
1091,RO,Romania,RO413,0,50,27,56
1093,RO,Romania,RO316,0,51,22,51
1094,RO,Romania,RO115,0,40,38,62
1095,RO,Romania,RO414,0,42,48,75
1097,PT,Portugal,PT196,0,49,50,53
1098,RO,Romania,RO116,0,51,33,61
1099,RO,Romania,RO415,0,46,32,75
1100,RO,Romania,RO213,0,46,28,75
1101,RO,Romania,RO214,0,49,22,60
1102,PT,Portugal,PT1A0,0,57,21,71
1103,PT,Portugal,PT1B0,0,51,24,73
1104,RO,Romania,RO121,0,47,25,72
1105,RO,Romania,RO421,0,49,35,52
1106,RO,Romania,RO215,0,50,42,58
1107,PT,Portugal,PT1C1,0,54,39,73
1108,RO,Romania,RO122,0,55,43,51
1109,RO,Romania,RO422,0,57,46,73
1110,RO,Romania,RO216,0,50,23,56
1111,PT,Portugal,PT1C2,0,42,38,60
1112,RO,Romania,RO123,0,53,47,50
1113,RO,Romania,RO423,0,56,28,50
1114,RO,Romania,RO221,0,55,21,50
1115,PT,Portugal,PT1C3,0,44,39,75
1116,RO,Romania,RO124,0,49,27,73
1117,RO,Romania,RO424,0,46,37,60
1118,RO,Romania,RO222,0,56,30,52
1119,PT,Portugal,PT1C4,0,58,28,74
1120,RO,Romania,RO125,0,42,27,67
1123,RO,Romania,RO223,0,58,45,70
1124,PT,Portugal,PT1D1,0,51,50,72
1125,PT,Portugal,PT1D2,0,51,23,64
1126,RO,Romania,RO126,0,58,41,56
1129,RO,Romania,RO224,0,48,48,64
1130,PT,Portugal,PT1D3,0,59,48,51
1131,RO,Romania,RO211,0,41,26,60
1134,RO,Romania,RO225,0,54,45,62
1135,PT,Portugal,PT200,0,44,30,69
1136,RO,Romania,RO212,0,42,25,56
1138,RO,Romania,RO226,0,57,23,51
1139,PL,Poland,PL638,0,52,29,52
1140,PL,Poland,PL711,0,59,27,59
1141,PT,Portugal,PT11E,0,55,28,70
1142,PL,Poland,PL815,0,47,39,57
1143,PL,Poland,PL821,0,55,24,66
1144,PL,Poland,PL516,0,51,34,74
1145,PL,Poland,PL842,0,44,31,67
1146,PT,Portugal,PT150,0,47,39,54
1147,PL,Poland,PL822,0,51,24,55
1148,PL,Poland,PL517,0,55,42,52
1149,PL,Poland,PL843,0,40,22,60
1150,PL,Poland,PL911,0,59,41,65
1151,PT,Portugal,PT191,0,48,50,73
1152,PL,Poland,PL823,0,57,27,64
1153,PL,Poland,PL518,0,47,43,54
1154,PL,Poland,PL912,0,56,21,53
1155,PT,Portugal,PT192,0,59,26,65
1156,PL,Poland,PL824,0,52,28,66
1157,PL,Poland,PL523,0,41,29,57
1158,PL,Poland,PL913,0,53,37,61
1159,PT,Portugal,PT195,0,59,23,62
1160,PL,Poland,PL841,0,47,36,72
1161,PL,Poland,PL524,0,44,27,56
1162,PL,Poland,PL921,0,46,28,55
1163,PT,Portugal,PT193,0,54,23,53
1164,PT,Portugal,PT194,0,49,40,65
1165,PL,Poland,PL417,0,49,29,55
1166,PL,Poland,PL613,0,58,46,57
1167,PL,Poland,PL922,0,43,45,68
1168,PL,Poland,PL712,0,51,37,69
1169,PL,Poland,PL418,0,41,30,64
1170,PL,Poland,PL616,0,58,21,51
1171,PL,Poland,PL923,0,54,27,53
1172,PL,Poland,PL713,0,48,24,59
1173,PL,Poland,PL424,0,59,41,52
1174,PL,Poland,PL426,0,40,45,74
1175,PL,Poland,PL617,0,46,43,58
1176,PL,Poland,PL924,0,42,22,56
1177,PL,Poland,PL714,0,50,26,61
1178,PL,Poland,PL618,0,46,37,62
1179,PL,Poland,PL715,0,47,43,55
1180,PL,Poland,PL427,0,40,48,67
1181,PL,Poland,PL619,0,54,50,53
1182,PL,Poland,PL925,0,52,29,64
1183,PL,Poland,PL926,0,47,37,62
1184,PL,Poland,PL721,0,47,21,74
1185,PL,Poland,PL621,0,60,36,58
1186,PT,Portugal,PT111,0,48,42,57
1187,PT,Portugal,PT112,0,42,43,65
1188,PL,Poland,PL428,0,45,50,69
1189,PL,Poland,PL622,0,53,31,74
1190,PT,Portugal,PT119,0,55,46,68
1191,PL,Poland,PL722,0,51,50,68
1192,PL,Poland,PL811,0,59,32,69
1193,PL,Poland,PL431,0,57,48,54
1194,PL,Poland,PL623,0,53,24,75
1195,PL,Poland,PL633,0,41,30,64
1196,PT,Portugal,PT11A,0,40,34,63
1197,PL,Poland,PL812,0,58,33,54
1198,PL,Poland,PL432,0,50,32,50
1199,PL,Poland,PL634,0,57,35,69
1200,PT,Portugal,PT11B,0,56,31,57
1201,PT,Portugal,PT11C,0,47,24,64
1202,PL,Poland,PL814,0,44,28,58
1203,PL,Poland,PL514,0,50,33,73
1204,PL,Poland,PL636,0,60,44,62
1205,PT,Portugal,PT11D,0,54,27,71
1206,PL,Poland,PL515,0,51,44,64
1207,PL,Poland,PL637,0,47,39,73
1238,SK,Slovakia,SK041,0,57,45,74
1241,SK,Slovakia,SK042,0,55,23,59
1291,SK,Slovakia,SK021,0,57,21,56
1292,SE,Sweden,SE312,0,57,43,60
1293,SE,Sweden,SE322,0,54,42,51
1294,SK,Slovakia,SK022,0,59,29,53
1295,SE,Sweden,SE110,0,56,39,62
1296,SE,Sweden,SE122,0,52,24,74
1297,SK,Slovakia,SK023,0,55,30,65
1298,SE,Sweden,SE313,0,41,34,50
1299,SK,Slovakia,SK031,0,47,40,59
1300,SE,Sweden,SE121,0,53,40,58
1301,SE,Sweden,SE331,0,52,39,69
1302,SK,Slovakia,SK032,0,43,22,56
1304,SE,Sweden,SE221,0,44,31,50
1306,SE,Sweden,SE224,0,44,42,51
1309,SE,Sweden,SE123,0,55,26,55
1312,SE,Sweden,SE124,0,50,21,51
1313,SE,Sweden,SE332,0,58,47,57
1314,SE,Sweden,SE231,0,56,45,50
1317,SE,Sweden,SE125,0,50,23,74
1318,SI,Slovenia,SI031,0,56,21,50
1319,SI,Slovenia,SI032,0,51,21,68
1320,SE,Sweden,SE211,0,48,43,59
1321,SI,Slovenia,SI033,0,43,46,64
1322,SI,Slovenia,SI034,0,44,22,73
1323,SI,Slovenia,SI035,0,48,33,70
1324,SE,Sweden,SE212,0,40,29,58
1325,SI,Slovenia,SI036,0,51,24,73
1326,SI,Slovenia,SI037,0,51,22,61
1327,SI,Slovenia,SI038,0,50,41,52
1328,SI,Slovenia,SI041,0,45,33,59
1329,SI,Slovenia,SI042,0,58,24,55
1330,SI,Slovenia,SI043,0,41,38,59
1331,SI,Slovenia,SI044,0,41,34,68
1332,SE,Sweden,SE232,0,43,28,57
1333,SE,Sweden,SE321,0,48,28,64
1334,SE,Sweden,SE213,0,49,33,74
1335,SK,Slovakia,SK010,0,43,22,72
1336,SE,Sweden,SE311,0,43,43,68
1337,SE,Sweden,SE214,0,49,23,74
1345,UK,United Kingdom,UKC11,0,41,39,58
1346,UK,United Kingdom,UKC12,0,50,26,75
1347,UK,United Kingdom,UKC13,0,43,38,59
1348,UK,United Kingdom,UKC14,0,40,49,55
1349,UK,United Kingdom,UKC21,0,52,35,75
1350,UK,United Kingdom,UKC22,0,49,49,64
1351,UK,United Kingdom,UKC23,0,45,25,63
1352,UK,United Kingdom,UKD11,0,44,44,65
1353,UK,United Kingdom,UKD12,0,50,27,58
1354,UK,United Kingdom,UKD33,0,58,23,71
1355,UK,United Kingdom,UKD34,0,59,41,54
1356,UK,United Kingdom,UKD35,0,45,43,67
1357,UK,United Kingdom,UKD36,0,56,33,70
1358,UK,United Kingdom,UKD37,0,44,36,51
1359,UK,United Kingdom,UKD41,0,47,31,53
1360,UK,United Kingdom,UKD42,0,52,38,68
1361,UK,United Kingdom,UKD44,0,42,26,75
1362,UK,United Kingdom,UKD45,0,53,49,67
1363,UK,United Kingdom,UKD46,0,42,34,63
1364,UK,United Kingdom,UKD47,0,59,35,75
1365,UK,United Kingdom,UKD61,0,58,44,59
1366,UK,United Kingdom,UKD62,0,58,31,63
1367,UK,United Kingdom,UKD63,0,50,31,62
1368,UK,United Kingdom,UKD71,0,43,25,72
1369,UK,United Kingdom,UKD72,0,54,36,68
1370,UK,United Kingdom,UKD73,0,45,40,64
1371,UK,United Kingdom,UKD74,0,60,49,65
1372,UK,United Kingdom,UKE11,0,51,28,50
1373,UK,United Kingdom,UKE12,0,41,45,55
1374,UK,United Kingdom,UKE13,0,51,35,52
1375,UK,United Kingdom,UKE21,0,60,31,60
1376,UK,United Kingdom,UKE22,0,46,29,54
1377,UK,United Kingdom,UKE31,0,42,30,62
1378,UK,United Kingdom,UKE32,0,48,31,70
1379,UK,United Kingdom,UKE41,0,52,39,75
1380,UK,United Kingdom,UKE42,0,45,44,70
1381,UK,United Kingdom,UKE44,0,55,38,53
1382,UK,United Kingdom,UKE45,0,50,26,61
1383,UK,United Kingdom,UKF11,0,49,44,56
1384,UK,United Kingdom,UKF12,0,54,41,69
1385,UK,United Kingdom,UKF13,0,56,46,54
1386,UK,United Kingdom,UKF14,0,54,39,67
1387,UK,United Kingdom,UKF15,0,42,37,52
1388,UK,United Kingdom,UKF16,0,56,25,70
1389,UK,United Kingdom,UKF21,0,40,32,67
1390,UK,United Kingdom,UKF22,0,49,41,74
1391,UK,United Kingdom,UKF24,0,52,49,71
1392,UK,United Kingdom,UKF25,0,59,37,55
1393,UK,United Kingdom,UKF30,0,42,24,65
1394,UK,United Kingdom,UKG11,0,60,48,64
1395,UK,United Kingdom,UKG12,0,45,38,56
1396,UK,United Kingdom,UKG13,0,51,25,72
1397,UK,United Kingdom,UKG21,0,55,30,71
1398,UK,United Kingdom,UKG22,0,46,48,64
1399,UK,United Kingdom,UKG23,0,60,30,53
1400,UK,United Kingdom,UKG24,0,51,40,56
1401,UK,United Kingdom,UKG31,0,59,39,57
1402,UK,United Kingdom,UKG32,0,50,22,62
1403,UK,United Kingdom,UKG33,0,58,24,69
1404,UK,United Kingdom,UKG36,0,55,22,75
1405,UK,United Kingdom,UKG37,0,40,37,55
1406,UK,United Kingdom,UKG38,0,47,44,74
1407,UK,United Kingdom,UKG39,0,40,50,74
1408,UK,United Kingdom,UKH11,0,56,22,54
1409,UK,United Kingdom,UKH12,0,48,43,60
1410,UK,United Kingdom,UKH14,0,47,29,53
1411,UK,United Kingdom,UKH15,0,60,46,67
1412,UK,United Kingdom,UKH16,0,53,47,75
1413,UK,United Kingdom,UKH17,0,48,27,56
1414,UK,United Kingdom,UKH21,0,51,34,68
1415,UK,United Kingdom,UKH23,0,58,38,60
1416,UK,United Kingdom,UKH24,0,44,41,72
1417,UK,United Kingdom,UKH25,0,42,32,73
1418,UK,United Kingdom,UKH31,0,46,39,67
1419,UK,United Kingdom,UKH32,0,58,49,75
1420,UK,United Kingdom,UKH34,0,46,21,61
1421,UK,United Kingdom,UKH35,0,48,30,68
1422,UK,United Kingdom,UKH36,0,56,29,51
1423,UK,United Kingdom,UKH37,0,60,28,66
1424,UK,United Kingdom,UKI31,0,55,23,64
1425,UK,United Kingdom,UKI32,0,44,38,61
1426,UK,United Kingdom,UKI33,0,47,48,72
1427,UK,United Kingdom,UKI34,0,49,46,53
1428,UK,United Kingdom,UKI41,0,47,38,66
1429,UK,United Kingdom,UKI42,0,54,46,66
1430,UK,United Kingdom,UKI43,0,41,41,62
1431,UK,United Kingdom,UKI44,0,55,38,61
1432,UK,United Kingdom,UKI45,0,58,36,62
1433,UK,United Kingdom,UKI51,0,41,32,70
1434,UK,United Kingdom,UKI52,0,42,44,61
1435,UK,United Kingdom,UKI53,0,58,29,62
1436,UK,United Kingdom,UKI54,0,55,27,67
1437,UK,United Kingdom,UKI61,0,51,33,63
1438,UK,United Kingdom,UKI62,0,58,37,72
1439,UK,United Kingdom,UKI63,0,52,25,59
1440,UK,United Kingdom,UKI71,0,51,49,59
1441,UK,United Kingdom,UKI72,0,43,39,51
1442,UK,United Kingdom,UKI73,0,54,25,62
1443,UK,United Kingdom,UKI74,0,48,49,72
1444,UK,United Kingdom,UKI75,0,53,45,75
1445,UK,United Kingdom,UKJ11,0,59,46,59
1446,UK,United Kingdom,UKJ12,0,55,46,70
1447,UK,United Kingdom,UKJ13,0,51,47,61
1448,UK,United Kingdom,UKJ14,0,58,30,53
1449,UK,United Kingdom,UKJ21,0,57,26,64
1450,UK,United Kingdom,UKJ22,0,59,35,57
1451,UK,United Kingdom,UKJ25,0,54,22,68
1452,UK,United Kingdom,UKJ26,0,50,23,53
1453,UK,United Kingdom,UKJ27,0,48,38,50
1454,UK,United Kingdom,UKJ28,0,55,46,68
1455,UK,United Kingdom,UKJ31,0,52,46,64
1456,UK,United Kingdom,UKJ32,0,47,25,59
1457,UK,United Kingdom,UKJ34,0,40,46,74
1458,UK,United Kingdom,UKJ35,0,55,44,67
1459,UK,United Kingdom,UKJ36,0,52,33,71
1460,UK,United Kingdom,UKJ37,0,44,45,62
1461,UK,United Kingdom,UKJ41,0,59,30,68
1462,UK,United Kingdom,UKJ43,0,49,24,52
1463,UK,United Kingdom,UKJ44,0,53,40,62
1464,UK,United Kingdom,UKJ45,0,42,41,66
1465,UK,United Kingdom,UKJ46,0,54,38,75
1466,UK,United Kingdom,UKK11,0,44,37,61
1467,UK,United Kingdom,UKK12,0,44,36,57
1468,UK,United Kingdom,UKK13,0,44,37,59
1469,UK,United Kingdom,UKK14,0,41,47,72
1470,UK,United Kingdom,UKK15,0,42,47,52
1471,UK,United Kingdom,UKK21,0,43,49,69
1472,UK,United Kingdom,UKK22,0,49,42,60
1473,UK,United Kingdom,UKK23,0,56,42,68
1474,UK,United Kingdom,UKK30,0,56,30,72
1475,UK,United Kingdom,UKK41,0,51,27,56
1476,UK,United Kingdom,UKK42,0,40,26,72
1477,UK,United Kingdom,UKK43,0,52,41,65
1478,UK,United Kingdom,UKL11,0,40,29,58
1479,UK,United Kingdom,UKL12,0,50,35,52
1480,UK,United Kingdom,UKL13,0,42,49,57
1481,UK,United Kingdom,UKL14,0,40,49,56
1482,UK,United Kingdom,UKL15,0,60,29,74
1483,UK,United Kingdom,UKL16,0,49,34,68
1484,UK,United Kingdom,UKL17,0,52,30,74
1485,UK,United Kingdom,UKL18,0,52,44,68
1486,UK,United Kingdom,UKL21,0,59,42,52
1487,UK,United Kingdom,UKL22,0,47,35,58
1488,UK,United Kingdom,UKL23,0,53,34,73
1489,UK,United Kingdom,UKL24,0,58,39,71
1490,UK,United Kingdom,UKM50,0,49,44,65
1491,UK,United Kingdom,UKM61,0,57,43,72
1492,UK,United Kingdom,UKM62,0,46,37,58
1493,UK,United Kingdom,UKM63,0,50,29,51
1494,UK,United Kingdom,UKM64,0,44,30,57
1495,UK,United Kingdom,UKM65,0,43,41,74
1496,UK,United Kingdom,UKM66,0,49,42,68
1497,UK,United Kingdom,UKM71,0,60,45,71
1498,UK,United Kingdom,UKM72,0,43,21,54
1499,UK,United Kingdom,UKM73,0,57,28,59
1500,UK,United Kingdom,UKM75,0,47,38,54
1501,UK,United Kingdom,UKM76,0,44,33,68
1502,UK,United Kingdom,UKM77,0,60,33,59
1503,UK,United Kingdom,UKM78,0,58,39,71
1504,UK,United Kingdom,UKM81,0,50,50,62
1505,UK,United Kingdom,UKM82,0,47,26,63
1506,UK,United Kingdom,UKM83,0,45,35,53
1507,UK,United Kingdom,UKM84,0,57,42,62
1508,UK,United Kingdom,UKM91,0,49,45,63
1509,UK,United Kingdom,UKM92,0,51,30,65
1510,UK,United Kingdom,UKM93,0,45,25,69
1511,UK,United Kingdom,UKM94,0,53,42,57
1512,UK,United Kingdom,UKM95,0,57,24,69
1513,UK,United Kingdom,UKN06,0,58,37,68
1514,UK,United Kingdom,UKN07,0,42,27,73
1515,UK,United Kingdom,UKN08,0,47,32,52
1516,UK,United Kingdom,UKN09,0,58,46,56
1517,UK,United Kingdom,UKN10,0,50,25,50
1518,UK,United Kingdom,UKN11,0,50,40,74
1519,UK,United Kingdom,UKN12,0,57,21,75
1520,UK,United Kingdom,UKN13,0,55,34,66
1521,UK,United Kingdom,UKN14,0,47,45,57
1522,UK,United Kingdom,UKN15,0,53,34,73
1523,UK,United Kingdom,UKN16,0,43,22,63
